hat_no,hat_adi,sefer_sayisi,tren_sayisi,yolcu_kapasitesi,tasinan_yolcu,doluluk_orani,pdf_id,tarih
M1-M2-M3,ÇAYYOLU (M2)-BATIKENT (M1)-SİNCAN (M3) METRO,268,22,431480,225554,52,31558,2023-12-24
M4,KEÇİÖREN METRO,218,5,350980,31596,9,31558,2023-12-24
A1,ANKARAY,135,5,133650,95575,72,31558,2023-12-24
T1TELEFERİK,,0,0,0,0,0,31558,2023-12-24
M4,KEÇ İÖREN METRO,236,7,379960,49656,13,31564,2023-12-25
A1,ANKARAY,196,8,194040,139908,72,31564,2023-12-25
T1,TELEFER İK2,4,7,9,35500,7714,31564,2023-12-25
M1-M2-M3,ÇAYYOLU (M2)-BATIKENT (M1)-SİNCAN (M3) METRO,357,38,574770,413697,72,31574,2023-12-26
M4,KEÇİÖREN METRO,236,7,379960,50314,13,31574,2023-12-26
A1,ANKARAY,197,8,195030,138794,71,31574,2023-12-26
T1,TELEFERİK,24,79,35500,7913,22,31574,2023-12-26
M1-M2-M3,ÇAYYOLU (M2)-BATIKENT (M1)-SİNCAN (M3) METRO,351,38,565110,413471,73,31580,2023-12-27
M4,KEÇİÖREN METRO,238,7,383180,49869,13,31580,2023-12-27
A1,ANKARAY,192,8,190080,138843,73,31580,2023-12-27
T1,TELEFERİK,24,79,35500,7907,22,31580,2023-12-27
M1-M2-M3,ÇAYYOLU (M2)-BATIKENT (M1)-SİNCAN (M3) METRO,351,39,565110,416872,74,31582,2023-12-28
M4,KEÇİÖREN METRO,236,7,379960,49729,13,31582,2023-12-28
A1,ANKARAY,187,8,185130,140953,76,31582,2023-12-28
T1,TELEFERİK,24,79,35500,7922,0,31582,2023-12-28
M1-M2-M3,ÇAYYOLU (M2)-BATIKENT (M1)-SİNCAN (M3) METRO,361,38,581210,422233,74,31608,2023-12-29
M4,KEÇİÖREN METRO,236,7,379960,48991,13,31608,2023-12-29
A1,ANKARAY,193,8,191070,145819,76,31608,2023-12-29
T1,TELEFERİK,24,79,35500,8109,22,31608,2023-12-29
M1-M2-M3,ÇAYYOLU (M2)-BATIKENT (M1)-SİNCAN (M3) METRO,285,26,458850,301348,66,31609,2023-12-30
M4,KEÇİÖREN METRO,216,6,347760,33069,10,31609,2023-12-30
A1,ANKARAY,160,6,158400,100856,64,31609,2023-12-30
T1,TELEFERİK,24,79,35500,6315,18,31609,2023-12-30
M1-M2-M3,ÇAYYOLU (M2)-BATIKENT (M1)-SİNCAN (M3) METRO,280,22,450800,214007,47,31610,2023-12-31
M4,KEÇİÖREN METRO,220,5,354200,26004,7,31610,2023-12-31
A1,ANKARAY,168,6,166320,76650,46,31610,2023-12-31
T1,TELEFERİK,24,79,35500,5548,16,31610,2023-12-31
M1-M2-M3,ÇAYYOLU (M2)-BATIKENT (M1)-SİNCAN (M3) METRO,284,22,457240,178531,39,31611,2024-01-01
M4,KEÇİÖREN METRO,202,5,325220,22368,7,31611,2024-01-01
A1,ANKARAY,162,6,160380,75403,47,31611,2024-01-01
T1,TELEFERİK,24,79,35500,4951,14,31611,2024-01-01
M1-M2-M3,ÇAYYOLU (M2)-BATIKENT (M1)-SİNCAN (M3) METRO,351,38,565110,385827,68,31631,2024-01-02
M4,KEÇİÖREN METRO,236,7,379960,48978,13,31631,2024-01-02
A1,ANKARAY,197,8,195030,133850,69,31631,2024-01-02
T1,TELEFERİK,24,79,35500,7518,21,31631,2024-01-02
M1-M2-M3,ÇAYYOLU (M2)-BATIKENT (M1)-SİNCAN (M3) METRO,352,37,566720,394943,70,31632,2024-01-03
M4,KEÇİÖREN METRO,238,7,383180,47755,12,31632,2024-01-03
A1,ANKARAY,197,8,195030,129903,67,31632,2024-01-03
T1,TELEFERİK,24,79,35500,7559,21,31632,2024-01-03
M1-M2-M3,ÇAYYOLU (M2)-BATIKENT (M1)-SİNCAN (M3) METRO,358,38,576380,393200,68,31633,2024-01-04
M4,KEÇİÖREN METRO,236,7,379960,47531,13,31633,2024-01-04
A1,ANKARAY,196,8,194040,126133,65,31633,2024-01-04
T1,TELEFERİK,24,79,35500,7473,21,31633,2024-01-04
M1-M2-M3,ÇAYYOLU (M2)-BATIKENT (M1)-SİNCAN (M3) METRO,354,38,569940,401456,70,31639,2024-01-05
M4,KEÇİÖREN METRO,236,7,379960,47676,13,31639,2024-01-05
A1,ANKARAY,196,8,194040,130272,67,31639,2024-01-05
T1,TELEFERİK,24,79,35500,3557,10,31639,2024-01-05
M1-M2-M3,ÇAYYOLU (M2)-BATIKENT (M1)-SİNCAN (M3) METRO,309,26,497490,303128,61,31640,2024-01-06
M4,KEÇİÖREN METRO,216,6,347760,33099,10,31640,2024-01-06
A1,ANKARAY,162,6,160380,92230,58,31640,2024-01-06
T1,TELEFERİK,70,38,52615,4161,8,31640,2024-01-06
M1-M2-M3,ÇAYYOLU (M2)-BATIKENT (M1)-SİNCAN (M3) METRO,262,22,421820,194551,46,31641,2024-01-07
M4,KEÇİÖREN METRO,202,5,325220,23058,7,31641,2024-01-07
A1,ANKARAY,135,5,133650,67719,51,31641,2024-01-07
T1,TELEFERİK,70,38,52615,2968,6,31641,2024-01-07
M1-M2-M3,ÇAYYOLU (M2)-BATIKENT (M1)-SİNCAN (M3) METRO,348,38,560280,385759,69,31643,2024-01-08
M4,KEÇİÖREN METRO,238,7,383180,49795,13,31643,2024-01-08
A1,ANKARAY,195,8,193050,128774,67,31643,2024-01-08
T1,TELEFERİK,70,38,52615,5246,10,31643,2024-01-08
M1-M2-M3,ÇAYYOLU (M2)-BATIKENT (M1)-SİNCAN (M3) METRO,351,39,565110,386683,68,31648,2024-01-09
M4,KEÇİÖREN METRO,238,7,383180,48600,13,31648,2024-01-09
A1,ANKARAY,192,8,190080,126411,67,31648,2024-01-09
T1,TELEFERİK,70,38,52615,4918,9,31648,2024-01-09
M1-M2-M3,ÇAYYOLU (M2)-BATIKENT (M1)-SİNCAN (M3) METRO,346,39,557060,383790,69,31661,2024-01-10
M4,KEÇİÖREN METRO,236,7,379960,48391,13,31661,2024-01-10
A1,ANKARAY,195,8,193050,127051,66,31661,2024-01-10
T1,TELEFERİK,70,38,52615,4455,8,31661,2024-01-10
M1-M2-M3,ÇAYYOLU (M2)-BATIKENT (M1)-SİNCAN (M3) METRO,351,37,565110,386824,68,31663,2024-01-11
M4,KEÇİÖREN METRO,232,7,373520,47891,13,31663,2024-01-11
A1,ANKARAY,196,8,194040,123251,64,31663,2024-01-11
T1,TELEFERİK,70,38,52615,4659,9,31663,2024-01-11
M1-M2-M3,ÇAYYOLU (M2)-BATIKENT (M1)-SİNCAN (M3) METRO,354,38,569940,396130,70,31664,2024-01-12
M4,KEÇİÖREN METRO,236,7,379960,48204,13,31664,2024-01-12
A1,ANKARAY,196,8,194040,129939,67,31664,2024-01-12
T1,TELEFERİK,70,38,52615,4497,9,31664,2024-01-12
M1-M2-M3,ÇAYYOLU (M2)-BATIKENT (M1)-SİNCAN (M3) METRO,309,26,497490,284160,57,31665,2024-01-13
M4,KEÇİÖREN METRO,218,6,350980,31351,9,31665,2024-01-13
A1,ANKARAY,162,6,160380,88216,55,31665,2024-01-13
T1,TELEFERİK,70,38,52615,3279,6,31665,2024-01-13
M1-M2-M3,ÇAYYOLU (M2)-BATIKENT (M1)-SİNCAN (M3) METRO,261,22,420210,196711,47,31666,2024-01-14
M4,KEÇİÖREN METRO,202,5,325220,23434,7,31666,2024-01-14
A1,ANKARAY,135,5,133650,67895,51,31666,2024-01-14
T1,TELEFERİK,70,38,52615,2666,5,31666,2024-01-14
M1-M2-M3,ÇAYYOLU (M2)-BATIKENT (M1)-SİNCAN (M3) METRO,345,37,555450,381991,69,31680,2024-01-15
M4,KEÇİÖREN METRO,232,7,373520,43536,12,31680,2024-01-15
A1,ANKARAY,195,8,193050,126960,66,31680,2024-01-15
T1,TELEFERİK,70,38,52615,4670,9,31680,2024-01-15
M1-M2-M3,ÇAYYOLU (M2)-BATIKENT (M1)-SİNCAN (M3) METRO,354,39,569940,368470,65,31723,2024-01-16
M4,KEÇİÖREN METRO,230,7,370300,45333,12,31723,2024-01-16
A1,ANKARAY,195,8,193050,117327,61,31723,2024-01-16
T1,TELEFERİK,70,38,52615,3979,8,31723,2024-01-16
M1-M2-M3,ÇAYYOLU (M2)-BATIKENT (M1)-SİNCAN (M3) METRO,357,38,574770,384150,67,31725,2024-01-17
M4,KEÇİÖREN METRO,236,7,379960,46930,12,31725,2024-01-17
A1,ANKARAY,197,8,195030,128774,66,31725,2024-01-17
T1,TELEFERİK,70,38,52615,4484,9,31725,2024-01-17
M1-M2-M3,ÇAYYOLU (M2)-BATIKENT (M1)-SİNCAN (M3) METRO,362,39,582820,379349,65,31728,2024-01-18
M4,KEÇİÖREN METRO,236,7,379960,45697,12,31728,2024-01-18
A1,ANKARAY,197,8,195030,126756,65,31728,2024-01-18
T1,TELEFERİK,70,38,52615,4484,9,31728,2024-01-18
M1-M2-M3,ÇAYYOLU (M2)-BATIKENT (M1)-SİNCAN (M3) METRO,358,38,576380,414679,72,31731,2024-01-19
M4,KEÇİÖREN METRO,234,7,376740,49750,13,31731,2024-01-19
A1,ANKARAY,197,8,195030,140605,72,31731,2024-01-19
T1,TELEFERİK,70,38,52615,4989,9,31731,2024-01-19
M1-M2-M3,ÇAYYOLU (M2)-BATIKENT (M1)-SİNCAN (M3) METRO,313,26,503930,281905,56,31732,2024-01-20
M4,KEÇİÖREN METRO,218,6,350980,32731,9,31732,2024-01-20
A1,ANKARAY,162,6,160380,97964,61,31732,2024-01-20
T1,TELEFERİK,70,38,52615,3569,7,31732,2024-01-20
M1-M2-M3,ÇAYYOLU (M2)-BATIKENT (M1)-SİNCAN (M3) METRO,276,22,444360,190504,43,31733,2024-01-21
M4,KEÇİÖREN METRO,206,6,331660,25237,8,31733,2024-01-21
A1,ANKARAY,135,5,133650,73836,55,31733,2024-01-21
T1,TELEFERİK,70,38,52615,2613,5,31733,2024-01-21
M1-M2-M3,ÇAYYOLU (M2)-BATIKENT (M1)-SİNCAN (M3) METRO,339,36,545790,350496,64,31739,2024-01-22
M4,KEÇİÖREN METRO,236,7,379960,40966,11,31739,2024-01-22
A1,ANKARAY,166,6,164340,118850,72,31739,2024-01-22
T1,TELEFERİK,70,38,52615,4091,8,31739,2024-01-22
M1-M2-M3,ÇAYYOLU (M2)-BATIKENT (M1)-SİNCAN (M3) METRO,337,37,542570,346424,64,31740,2024-01-23
M4,KEÇİÖREN METRO,236,7,379960,39862,10,31740,2024-01-23
A1,ANKARAY,166,6,164340,112258,68,31740,2024-01-23
T1,TELEFERİK,70,38,52615,4150,8,31740,2024-01-23
M1-M2-M3,ÇAYYOLU (M2)-BATIKENT (M1)-SİNCAN (M3) METRO,348,36,560280,346031,62,31741,2024-01-24
M4,KEÇİÖREN METRO,236,7,379960,39522,10,31741,2024-01-24
A1,ANKARAY,165,6,163350,112588,69,31741,2024-01-24
T1,TELEFERİK,70,38,52615,4055,8,31741,2024-01-24
M1-M2-M3,ÇAYYOLU (M2)-BATIKENT (M1)-SİNCAN (M3) METRO,349,34,561890,338137,60,31742,2024-01-25
M4,KEÇİÖREN METRO,236,7,379960,38091,10,31742,2024-01-25
A1,ANKARAY,166,6,164340,109857,67,31742,2024-01-25
T1,TELEFERİK,70,38,52615,3944,7,31742,2024-01-25
M1-M2-M3,ÇAYYOLU (M2)-BATIKENT (M1)-SİNCAN (M3) METRO,344,34,553840,336822,61,31744,2024-01-26
M4,KEÇİÖREN METRO,236,7,379960,37895,10,31744,2024-01-26
A1,ANKARAY,166,6,164340,110352,67,31744,2024-01-26
T1,TELEFERİK,70,38,52615,3862,7,31744,2024-01-26
M1-M2-M3,ÇAYYOLU (M2)-BATIKENT (M1)-SİNCAN (M3) METRO,310,26,499100,266242,53,31745,2024-01-27
M4,KEÇİÖREN METRO,216,6,347760,29283,8,31745,2024-01-27
A1,ANKARAY,162,6,160380,86690,54,31745,2024-01-27
T1,TELEFERİK,70,38,52615,3745,7,31745,2024-01-27
M1-M2-M3,ÇAYYOLU (M2)-BATIKENT (M1)-SİNCAN (M3) METRO,263,22,423430,179892,42,31746,2024-01-28
M4,KEÇİÖREN METRO,202,5,325220,20990,6,31746,2024-01-28
A1,ANKARAY,135,5,133650,67631,51,31746,2024-01-28
T1,TELEFERİK,70,38,52615,2700,5,31746,2024-01-28
M1-M2-M3,ÇAYYOLU (M2)-BATIKENT (M1)-SİNCAN (M3) METRO,335,34,539350,332237,62,31752,2024-01-29
M4,KEÇİÖREN METRO,234,7,376740,36996,10,31752,2024-01-29
A1,ANKARAY,166,6,164340,99618,61,31752,2024-01-29
T1,TELEFERİK,70,38,52615,3793,7,31752,2024-01-29
M1-M2-M3,ÇAYYOLU (M2)-BATIKENT (M1)-SİNCAN (M3) METRO,346,34,557060,338267,61,31753,2024-01-30
M4,KEÇİÖREN METRO,236,7,379960,36643,10,31753,2024-01-30
A1,ANKARAY,166,6,164340,98393,60,31753,2024-01-30
T1,TELEFERİK,70,38,52615,3574,7,31753,2024-01-30
M1-M2-M3,ÇAYYOLU (M2)-BATIKENT (M1)-SİNCAN (M3) METRO,345,34,555450,337854,61,31754,2024-01-31
M4,KEÇİÖREN METRO,236,7,379960,36567,10,31754,2024-01-31
A1,ANKARAY,166,6,164340,98340,60,31754,2024-01-31
T1,TELEFERİK,70,38,52615,3679,7,31754,2024-01-31
M1-M2-M3,ÇAYYOLU (M2)-BATIKENT (M1)-SİNCAN (M3) METRO,341,37,549010,343376,63,31758,2024-02-01
M4,KEÇİÖREN METRO,242,7,389620,36752,9,31758,2024-02-01
A1,ANKARAY,166,6,164340,98925,60,31758,2024-02-01
T1,TELEFERİK,70,38,52615,4006,8,31758,2024-02-01
M1-M2-M3,ÇAYYOLU (M2)-BATIKENT (M1)-SİNCAN (M3) METRO,345,37,555450,346418,62,31793,2024-02-02
M4,KEÇİÖREN METRO,236,7,379960,37063,10,31793,2024-02-02
A1,ANKARAY,166,6,164340,102186,62,31793,2024-02-02
T1,TELEFERİK,70,38,52615,3724,7,31793,2024-02-02
M1-M2-M3,ÇAYYOLU (M2)-BATIKENT (M1)-SİNCAN (M3) METRO,309,26,497490,270959,54,31794,2024-02-03
M4,KEÇİÖREN METRO,216,6,347760,29158,8,31794,2024-02-03
A1,ANKARAY,162,6,160380,91936,57,31794,2024-02-03
T1,TELEFERİK,70,38,52615,3645,7,31794,2024-02-03
M1-M2-M3,ÇAYYOLU (M2)-BATIKENT (M1)-SİNCAN (M3) METRO,264,22,425040,187871,44,31795,2024-02-04
M4,KEÇİÖREN METRO,202,5,325220,21787,7,31795,2024-02-04
A1,ANKARAY,135,5,133650,63844,48,31795,2024-02-04
T1,TELEFERİK,70,38,52615,2787,5,31795,2024-02-04
M1-M2-M3,ÇAYYOLU (M2)-BATIKENT (M1)-SİNCAN (M3) METRO,366,40,589260,352678,60,31797,2024-02-05
M4,KEÇİÖREN METRO,238,7,383180,41457,11,31797,2024-02-05
A1,ANKARAY,197,8,195030,100491,52,31797,2024-02-05
T1,TELEFERİK,70,38,52615,4364,8,31797,2024-02-05
M1-M2-M3,ÇAYYOLU (M2)-BATIKENT (M1)-SİNCAN (M3) METRO,360,39,579600,361330,62,31798,2024-02-06
M4,KEÇİÖREN METRO,236,7,379960,41791,11,31798,2024-02-06
A1,ANKARAY,196,8,194040,100157,52,31798,2024-02-06
T1,TELEFERİK,70,38,52615,4684,9,31798,2024-02-06
M1-M2-M3,ÇAYYOLU (M2)-BATIKENT (M1)-SİNCAN (M3) METRO,371,41,597310,366119,61,31801,2024-02-07
M4,KEÇİÖREN METRO,236,7,379960,42632,11,31801,2024-02-07
A1,ANKARAY,197,8,195030,103081,53,31801,2024-02-07
T1,TELEFERİK,70,38,52615,4706,9,31801,2024-02-07
M1-M2-M3,ÇAYYOLU (M2)-BATIKENT (M1)-SİNCAN (M3) METRO,364,40,586040,367333,63,31802,2024-02-08
M4,KEÇİÖREN METRO,242,7,389620,41859,11,31802,2024-02-08
A1,ANKARAY,197,8,195030,102062,52,31802,2024-02-08
T1,TELEFERİK,70,38,52615,4588,9,31802,2024-02-08
M1-M2-M3,ÇAYYOLU (M2)-BATIKENT (M1)-SİNCAN (M3) METRO,352,37,566720,376361,66,31803,2024-02-09
M4,KEÇİÖREN METRO,236,7,379960,42048,11,31803,2024-02-09
A1,ANKARAY,191,8,189090,105915,56,31803,2024-02-09
T1,TELEFERİK,70,38,52615,4587,9,31803,2024-02-09
M1-M2-M3,ÇAYYOLU (M2)-BATIKENT (M1)-SİNCAN (M3) METRO,306,26,492660,303265,62,31804,2024-02-10
M4,KEÇİÖREN METRO,218,6,350980,32950,9,31804,2024-02-10
A1,ANKARAY,162,6,160380,86845,54,31804,2024-02-10
T1,TELEFERİK,70,38,52615,4015,8,31804,2024-02-10
M1-M2-M3,ÇAYYOLU (M2)-BATIKENT (M1)-SİNCAN (M3) METRO,262,25,421820,211135,50,31805,2024-02-11
M4,KEÇİÖREN METRO,202,5,325220,24740,8,31805,2024-02-11
A1,ANKARAY,135,5,133650,71807,54,31805,2024-02-11
T1,TELEFERİK,70,38,52615,3349,6,31805,2024-02-11
M1-M2-M3,ÇAYYOLU (M2)-BATIKENT (M1)-SİNCAN (M3) METRO,359,38,577990,380430,66,31809,2024-02-12
M4,KEÇİÖREN METRO,232,7,373520,44673,12,31809,2024-02-12
A1,ANKARAY,197,8,195030,100889,52,31809,2024-02-12
T1,TELEFERİK,70,38,52615,4840,9,31809,2024-02-12
M1-M2-M3,ÇAYYOLU (M2)-BATIKENT (M1)-SİNCAN (M3) METRO,348,39,560280,375194,67,31828,2024-02-13
M4,KEÇİÖREN METRO,236,7,379960,43580,11,31828,2024-02-13
A1,ANKARAY,190,8,188100,105280,56,31828,2024-02-13
T1,TELEFERİK,70,38,52615,4444,8,31828,2024-02-13
M1-M2-M3,ÇAYYOLU (M2)-BATIKENT (M1)-SİNCAN (M3) METRO,356,38,573160,387630,68,31831,2024-02-14
M4,KEÇİÖREN METRO,236,7,379960,44800,12,31831,2024-02-14
A1,ANKARAY,196,8,194040,108288,56,31831,2024-02-14
T1,TELEFERİK,70,38,52615,4721,9,31831,2024-02-14
M1-M2-M3,ÇAYYOLU (M2)-BATIKENT (M1)-SİNCAN (M3) METRO,354,37,569940,385259,68,31838,2024-02-15
M4,KEÇİÖREN METRO,236,7,379960,43846,12,31838,2024-02-15
A1,ANKARAY,196,8,194040,107022,55,31838,2024-02-15
T1,TELEFERİK,70,38,52615,4866,9,31838,2024-02-15
M1-M2-M3,ÇAYYOLU (M2)-BATIKENT (M1)-SİNCAN (M3) METRO,355,37,571550,398809,70,31841,2024-02-16
M4,KEÇİÖREN METRO,236,7,379960,44649,12,31841,2024-02-16
A1,ANKARAY,194,8,192060,114486,60,31841,2024-02-16
T1,TELEFERİK,70,38,52615,4833,9,31841,2024-02-16
M1-M2-M3,ÇAYYOLU (M2)-BATIKENT (M1)-SİNCAN (M3) METRO,308,26,495880,316387,64,31842,2024-02-17
M4,KEÇİÖREN METRO,220,6,354200,35357,10,31842,2024-02-17
A1,ANKARAY,162,6,160380,100931,63,31842,2024-02-17
T1,TELEFERİK,70,38,52615,4122,8,31842,2024-02-17
M1-M2-M3,ÇAYYOLU (M2)-BATIKENT (M1)-SİNCAN (M3) METRO,262,22,421820,231780,55,31843,2024-02-18
M4,KEÇİÖREN METRO,200,5,322000,26342,8,31843,2024-02-18
A1,ANKARAY,135,5,133650,84359,63,31843,2024-02-18
T1,TELEFERİK,70,38,52615,3196,6,31843,2024-02-18
M1-M2-M3,ÇAYYOLU (M2)-BATIKENT (M1)-SİNCAN (M3) METRO,344,39,553840,410999,74,31873,2024-02-19
M4,KEÇİÖREN METRO,234,7,376740,49564,13,31873,2024-02-19
A1,ANKARAY,197,8,195030,130413,67,31873,2024-02-19
T1,TELEFERİK,70,38,52615,4729,9,31873,2024-02-19
M1-M2-M3,ÇAYYOLU (M2)-BATIKENT (M1)-SİNCAN (M3) METRO,357,40,574770,414442,72,31877,2024-02-20
M4,KEÇİÖREN METRO,234,7,376740,48685,13,31877,2024-02-20
A1,ANKARAY,197,8,195030,126873,65,31877,2024-02-20
T1,TELEFERİK,70,38,52615,4921,9,31877,2024-02-20
M1-M2-M3,ÇAYYOLU (M2)-BATIKENT (M1)-SİNCAN (M3) METRO,356,40,573160,417575,73,31878,2024-02-21
M4,KEÇİÖREN METRO,236,7,379960,48769,13,31878,2024-02-21
A1,ANKARAY,196,8,194040,128459,66,31878,2024-02-21
T1,TELEFERİK,70,38,52615,4950,9,31878,2024-02-21
M1-M2-M3,ÇAYYOLU (M2)-BATIKENT (M1)-SİNCAN (M3) METRO,355,40,571550,415991,73,31888,2024-02-22
M4,KEÇİÖREN METRO,236,7,379960,48442,13,31888,2024-02-22
A1,ANKARAY,192,8,190080,126120,66,31888,2024-02-22
T1,TELEFERİK,70,38,52615,5207,10,31888,2024-02-22
M1-M2-M3,ÇAYYOLU (M2)-BATIKENT (M1)-SİNCAN (M3) METRO,356,39,573160,420375,73,31894,2024-02-23
M4,KEÇİÖREN METRO,236,7,379960,48097,13,31894,2024-02-23
A1,ANKARAY,186,8,184140,129224,70,31894,2024-02-23
T1,TELEFERİK,70,38,52615,5280,10,31894,2024-02-23
M1-M2-M3,ÇAYYOLU (M2)-BATIKENT (M1)-SİNCAN (M3) METRO,309,26,497490,323586,65,31895,2024-02-24
M4,KEÇİÖREN METRO,216,6,347760,34209,10,31895,2024-02-24
A1,ANKARAY,162,6,160380,98510,61,31895,2024-02-24
T1,TELEFERİK,70,38,52615,4273,8,31895,2024-02-24
M1-M2-M3,ÇAYYOLU (M2)-BATIKENT (M1)-SİNCAN (M3) METRO,263,22,423430,244810,58,31896,2024-02-25
M4,KEÇİÖREN METRO,202,5,325220,29111,9,31896,2024-02-25
A1,ANKARAY,132,5,130680,89034,68,31896,2024-02-25
T1,TELEFERİK,70,38,52615,3742,7,31896,2024-02-25
M1-M2-M3,ÇAYYOLU (M2)-BATIKENT (M1)-SİNCAN (M3) METRO,345,39,555450,410496,74,31913,2024-02-26
M4,KEÇİÖREN METRO,236,7,379960,50609,13,31913,2024-02-26
A1,ANKARAY,197,8,195030,133394,68,31913,2024-02-26
T1,TELEFERİK,70,38,52615,5257,10,31913,2024-02-26
M1-M2-M3,ÇAYYOLU (M2)-BATIKENT (M1)-SİNCAN (M3) METRO,351,37,565110,424073,75,31926,2024-02-27
M4,KEÇİÖREN METRO,236,7,379960,50574,13,31926,2024-02-27
A1,ANKARAY,196,8,194040,133378,69,31926,2024-02-27
T1,TELEFERİK,70,38,52615,5197,10,31926,2024-02-27
M1-M2-M3,ÇAYYOLU (M2)-BATIKENT (M1)-SİNCAN (M3) METRO,350,38,563500,423290,75,31929,2024-02-28
M4,KEÇİÖREN METRO,234,7,376740,51038,14,31929,2024-02-28
A1,ANKARAY,196,8,194040,135282,70,31929,2024-02-28
T1,TELEFERİK,70,38,52615,5235,10,31929,2024-02-28
M1-M2-M3,ÇAYYOLU (M2)-BATIKENT (M1)-SİNCAN (M3) METRO,364,37,586040,421910,72,31934,2024-02-29
M4,KEÇİÖREN METRO,236,7,379960,50486,13,31934,2024-02-29
A1,ANKARAY,193,8,191070,132134,69,31934,2024-02-29
T1,TELEFERİK,70,38,52615,5083,10,31934,2024-02-29
M1-M2-M3,ÇAYYOLU (M2)-BATIKENT (M1)-SİNCAN (M3) METRO,344,37,553840,428183,77,31935,2024-03-01
M4,KEÇİÖREN METRO,236,7,379960,50492,13,31935,2024-03-01
A1,ANKARAY,197,8,195030,135977,70,31935,2024-03-01
T1,TELEFERİK,70,38,52615,5043,10,31935,2024-03-01
M1-M2-M3,ÇAYYOLU (M2)-BATIKENT (M1)-SİNCAN (M3) METRO,320,26,515200,337136,65,31936,2024-03-02
M4,KEÇİÖREN METRO,216,6,347760,36905,11,31936,2024-03-02
A1,ANKARAY,162,6,160380,109466,68,31936,2024-03-02
T1,TELEFERİK,70,38,52615,4637,9,31936,2024-03-02
M1-M2-M3,ÇAYYOLU (M2)-BATIKENT (M1)-SİNCAN (M3) METRO,277,22,445970,237219,53,31937,2024-03-03
M4,KEÇİÖREN METRO,210,5,338100,28953,9,31937,2024-03-03
A1,ANKARAY,141,8,139590,93100,67,31937,2024-03-03
T1,TELEFERİK,70,38,52615,3749,7,31937,2024-03-03
M1-M2-M3,ÇAYYOLU (M2)-BATIKENT (M1)-SİNCAN (M3) METRO,354,36,569940,417297,73,31938,2024-03-04
M4,KEÇİÖREN METRO,238,7,383180,52460,14,31938,2024-03-04
A1,ANKARAY,192,8,190080,145243,76,31938,2024-03-04
T1,TELEFERİK,70,38,52615,5304,10,31938,2024-03-04
M1-M2-M3,ÇAYYOLU (M2)-BATIKENT (M1)-SİNCAN (M3) METRO,350,36,563500,424009,75,31939,2024-03-05
M4,KEÇİÖREN METRO,234,7,376740,52615,14,31939,2024-03-05
A1,ANKARAY,193,8,191070,150368,79,31939,2024-03-05
T1,TELEFERİK,70,38,52615,5220,10,31939,2024-03-05
M1-M2-M3,ÇAYYOLU (M2)-BATIKENT (M1)-SİNCAN (M3) METRO,360,37,579600,421900,73,31943,2024-03-06
M4,KEÇİÖREN METRO,218,6,350980,51792,15,31943,2024-03-06
A1,ANKARAY,193,8,191070,148828,78,31943,2024-03-06
T1,TELEFERİK,70,38,52615,5004,10,31943,2024-03-06
M1-M2-M3,ÇAYYOLU (M2)-BATIKENT (M1)-SİNCAN (M3) METRO,344,36,553840,430030,78,31945,2024-03-07
M4,KEÇİÖREN METRO,222,6,357420,52101,15,31945,2024-03-07
A1,ANKARAY,197,8,195030,148342,76,31945,2024-03-07
T1,TELEFERİK,70,38,52615,5214,10,31945,2024-03-07
M1-M2-M3,ÇAYYOLU (M2)-BATIKENT (M1)-SİNCAN (M3) METRO,348,37,560280,443082,79,31957,2024-03-08
M4,KEÇİÖREN METRO,226,7,363860,51984,14,31957,2024-03-08
A1,ANKARAY,190,8,188100,152771,81,31957,2024-03-08
T1,TELEFERİK,70,38,52615,5210,10,31957,2024-03-08
M1-M2-M3,ÇAYYOLU (M2)-BATIKENT (M1)-SİNCAN (M3) METRO,319,26,513590,321906,63,31958,2024-03-09
M4,KEÇİÖREN METRO,216,6,347760,34907,10,31958,2024-03-09
A1,ANKARAY,162,6,160380,108111,67,31958,2024-03-09
T1,TELEFERİK,70,38,52615,3855,7,31958,2024-03-09
M1-M2-M3,ÇAYYOLU (M2)-BATIKENT (M1)-SİNCAN (M3) METRO,269,22,433090,234867,54,31959,2024-03-10
M4,KEÇİÖREN METRO,202,5,325220,28068,9,31959,2024-03-10
A1,ANKARAY,135,5,133650,90866,68,31959,2024-03-10
T1,TELEFERİK,70,38,52615,3439,7,31959,2024-03-10
M1-M2-M3,ÇAYYOLU (M2)-BATIKENT (M1)-SİNCAN (M3) METRO,339,36,545790,377652,69,31965,2024-03-11
M4,KEÇİÖREN METRO,238,7,383180,48535,13,31965,2024-03-11
A1,ANKARAY,197,8,195030,130208,67,31965,2024-03-11
T1,TELEFERİK,70,38,52615,5072,10,31965,2024-03-11
M1-M2-M3,ÇAYYOLU (M2)-BATIKENT (M1)-SİNCAN (M3) METRO,337,36,542570,389775,72,31968,2024-03-12
M4,KEÇİÖREN METRO,228,7,367080,48329,13,31968,2024-03-12
A1,ANKARAY,197,8,195030,130611,67,31968,2024-03-12
T1,TELEFERİK,70,38,52615,5073,10,31968,2024-03-12
M1-M2-M3,ÇAYYOLU (M2)-BATIKENT (M1)-SİNCAN (M3) METRO,350,38,563500,382104,68,31986,2024-03-13
M4,KEÇİÖREN METRO,236,7,379960,46681,12,31986,2024-03-13
A1,ANKARAY,196,8,194040,132727,68,31986,2024-03-13
T1,TELEFERİK,70,38,52615,4888,9,31986,2024-03-13
M1-M2-M3,ÇAYYOLU (M2)-BATIKENT (M1)-SİNCAN (M3) METRO,347,38,558670,387008,69,32003,2024-03-14
M4,KEÇİÖREN METRO,228,7,367080,47709,13,32003,2024-03-14
A1,ANKARAY,197,8,195030,137107,70,32003,2024-03-14
T1,TELEFERİK,70,38,52615,5088,10,32003,2024-03-14
M1-M2-M3,ÇAYYOLU (M2)-BATIKENT (M1)-SİNCAN (M3) METRO,343,38,552230,409478,74,32006,2024-03-15
M4,KEÇİÖREN METRO,236,7,379960,47165,12,32006,2024-03-15
A1,ANKARAY,197,8,195030,134822,69,32006,2024-03-15
T1,TELEFERİK,70,38,52615,5099,10,32006,2024-03-15
M1-M2-M3,ÇAYYOLU (M2)-BATIKENT (M1)-SİNCAN (M3) METRO,318,30,511980,292338,57,32007,2024-03-16
M4,KEÇİÖREN METRO,218,6,350980,32025,9,32007,2024-03-16
A1,ANKARAY,166,7,164340,92383,56,32007,2024-03-16
T1,TELEFERİK,70,38,52615,3703,7,32007,2024-03-16
M1-M2-M3,ÇAYYOLU (M2)-BATIKENT (M1)-SİNCAN (M3) METRO,272,26,437920,201622,46,32008,2024-03-17
M4,KEÇİÖREN METRO,202,5,325220,24637,8,32008,2024-03-17
A1,ANKARAY,142,7,140580,73535,52,32008,2024-03-17
T1,TELEFERİK,70,38,52615,2952,6,32008,2024-03-17
M1-M2-M3,ÇAYYOLU (M2)-BATIKENT (M1)-SİNCAN (M3) METRO,339,38,545790,397999,73,32009,2024-03-18
M4,KEÇİÖREN METRO,232,7,373520,50221,13,32009,2024-03-18
A1,ANKARAY,196,8,194040,136876,71,32009,2024-03-18
T1,TELEFERİK,70,38,52615,5379,10,32009,2024-03-18
M1-M2-M3,ÇAYYOLU (M2)-BATIKENT (M1)-SİNCAN (M3) METRO,350,37,563500,401858,71,32010,2024-03-19
M4,KEÇİÖREN METRO,236,7,379960,48459,13,32010,2024-03-19
A1,ANKARAY,197,8,195030,136804,70,32010,2024-03-19
T1,TELEFERİK,70,38,52615,5196,10,32010,2024-03-19
M1-M2-M3,ÇAYYOLU (M2)-BATIKENT (M1)-SİNCAN (M3) METRO,350,38,563500,399857,71,32015,2024-03-20
M4,KEÇİÖREN METRO,236,7,379960,48647,13,32015,2024-03-20
A1,ANKARAY,194,8,192060,134793,70,32015,2024-03-20
T1,TELEFERİK,70,38,52615,5007,10,32015,2024-03-20
M1-M2-M3,ÇAYYOLU (M2)-BATIKENT (M1)-SİNCAN (M3) METRO,351,38,565110,382289,68,32018,2024-03-21
M4,KEÇİÖREN METRO,238,7,383180,47775,12,32018,2024-03-21
A1,ANKARAY,194,8,192060,129510,67,32018,2024-03-21
T1,TELEFERİK,70,38,52615,4608,9,32018,2024-03-21
M1-M2-M3,ÇAYYOLU (M2)-BATIKENT (M1)-SİNCAN (M3) METRO,347,38,558670,387822,69,32024,2024-03-22
M4,KEÇİÖREN METRO,236,7,379960,47328,12,32024,2024-03-22
A1,ANKARAY,197,8,195030,131472,67,32024,2024-03-22
T1,TELEFERİK,70,38,52615,4656,9,32024,2024-03-22
M1-M2-M3,ÇAYYOLU (M2)-BATIKENT (M1)-SİNCAN (M3) METRO,327,30,526470,283375,54,32026,2024-03-23
M4,KEÇİÖREN METRO,216,6,347760,33002,9,32026,2024-03-23
A1,ANKARAY,166,7,164340,94317,57,32026,2024-03-23
T1,TELEFERİK,70,38,52615,3372,6,32026,2024-03-23
M1-M2-M3,ÇAYYOLU (M2)-BATIKENT (M1)-SİNCAN (M3) METRO,268,26,431480,211139,49,32027,2024-03-24
M4,KEÇİÖREN METRO,202,5,325220,25507,8,32027,2024-03-24
A1,ANKARAY,142,7,140580,79301,56,32027,2024-03-24
T1,TELEFERİK,70,38,52615,3109,6,32027,2024-03-24
M1-M2-M3,ÇAYYOLU (M2)-BATIKENT (M1)-SİNCAN (M3) METRO,331,37,532910,388457,73,32028,2024-03-25
M4,KEÇİÖREN METRO,236,7,379960,48519,13,32028,2024-03-25
A1,ANKARAY,188,8,186120,132160,71,32028,2024-03-25
T1,TELEFERİK,70,38,52615,4921,9,32028,2024-03-25
M1-M2-M3,ÇAYYOLU (M2)-BATIKENT (M1)-SİNCAN (M3) METRO,335,38,539350,397297,74,32031,2024-03-26
M4,KEÇİÖREN METRO,234,7,376740,49487,13,32031,2024-03-26
A1,ANKARAY,197,8,195030,134704,69,32031,2024-03-26
T1,TELEFERİK,70,38,52615,5015,10,32031,2024-03-26
M1-M2-M3,ÇAYYOLU (M2)-BATIKENT (M1)-SİNCAN (M3) METRO,349,39,561890,396998,71,32034,2024-03-27
M4,KEÇİÖREN METRO,236,7,379960,49324,13,32034,2024-03-27
A1,ANKARAY,196,8,194040,133592,69,32034,2024-03-27
T1,TELEFERİK,70,38,52615,5149,10,32034,2024-03-27
M1-M2-M3,ÇAYYOLU (M2)-BATIKENT (M1)-SİNCAN (M3) METRO,349,37,561890,404712,72,32048,2024-03-28
M4,KEÇİÖREN METRO,238,7,383180,49908,13,32048,2024-03-28
A1,ANKARAY,197,8,195030,137106,70,32048,2024-03-28
T1,TELEFERİK,70,38,52615,5102,10,32048,2024-03-28
M1-M2-M3,ÇAYYOLU (M2)-BATIKENT (M1)-SİNCAN (M3) METRO,346,37,557060,414403,74,32066,2024-03-29
M4,KEÇİÖREN METRO,236,7,379960,49308,13,32066,2024-03-29
A1,ANKARAY,181,8,179190,135611,76,32066,2024-03-29
T1,TELEFERİK,70,38,52615,5139,10,32066,2024-03-29
M1-M2-M3,ÇAYYOLU (M2)-BATIKENT (M1)-SİNCAN (M3) METRO,321,30,516810,288039,56,32067,2024-03-30
M4,KEÇİÖREN METRO,226,7,363860,33584,9,32067,2024-03-30
A1,ANKARAY,166,7,164340,91084,55,32067,2024-03-30
T1,TELEFERİK,70,38,52615,3714,7,32067,2024-03-30
M1-M2-M3,ÇAYYOLU (M2)-BATIKENT (M1)-SİNCAN (M3) METRO,291,26,468510,160785,34,32068,2024-03-31
M4,KEÇİÖREN METRO,248,6,399280,22144,6,32068,2024-03-31
A1,ANKARAY,146,7,144540,57900,40,32068,2024-03-31
T1,TELEFERİK,70,38,52615,2398,5,32068,2024-03-31
M1-M2-M3,ÇAYYOLU (M2)-BATIKENT (M1)-SİNCAN (M3) METRO,339,37,545790,363459,67,32071,2024-04-01
M4,KEÇİÖREN METRO,238,7,383180,39343,10,32071,2024-04-01
A1,ANKARAY,196,8,194040,107758,56,32071,2024-04-01
T1,TELEFERİK,70,38,52615,4118,8,32071,2024-04-01
M1-M2-M3,ÇAYYOLU (M2)-BATIKENT (M1)-SİNCAN (M3) METRO,332,37,534520,402053,75,32074,2024-04-02
M4,KEÇİÖREN METRO,230,7,370300,48652,13,32074,2024-04-02
A1,ANKARAY,192,8,190080,134579,71,32074,2024-04-02
T1,TELEFERİK,70,38,52615,5140,10,32074,2024-04-02
M1-M2-M3,ÇAYYOLU (M2)-BATIKENT (M1)-SİNCAN (M3) METRO,344,36,553840,403953,73,32086,2024-04-03
M4,KEÇİÖREN METRO,234,7,376740,47825,13,32086,2024-04-03
A1,ANKARAY,197,8,195030,133484,68,32086,2024-04-03
T1,TELEFERİK,70,38,52615,5129,10,32086,2024-04-03
M1-M2-M3,ÇAYYOLU (M2)-BATIKENT (M1)-SİNCAN (M3) METRO,347,37,558670,402128,72,32087,2024-04-04
M4,KEÇİÖREN METRO,226,7,363860,49098,13,32087,2024-04-04
A1,ANKARAY,191,8,189090,134786,71,32087,2024-04-04
T1,TELEFERİK,70,38,52615,5081,10,32087,2024-04-04
M1-M2-M3,ÇAYYOLU (M2)-BATIKENT (M1)-SİNCAN (M3) METRO,344,38,553840,397948,72,32134,2024-04-05
M4,KEÇİÖREN METRO,236,7,379960,45701,12,32134,2024-04-05
A1,ANKARAY,197,8,195030,134290,69,32134,2024-04-05
T1,TELEFERİK,70,38,52615,5019,10,32134,2024-04-05
M1-M2-M3,ÇAYYOLU (M2)-BATIKENT (M1)-SİNCAN (M3) METRO,301,26,484610,261241,54,32135,2024-04-06
M4,KEÇİÖREN METRO,218,6,350980,29917,9,32135,2024-04-06
A1,ANKARAY,166,7,164340,84487,51,32135,2024-04-06
T1,TELEFERİK,70,38,52615,3365,6,32135,2024-04-06
M1-M2-M3,ÇAYYOLU (M2)-BATIKENT (M1)-SİNCAN (M3) METRO,264,22,425040,188136,44,32136,2024-04-07
M4,KEÇİÖREN METRO,204,5,328440,23061,7,32136,2024-04-07
A1,ANKARAY,133,7,131670,57971,44,32136,2024-04-07
T1,TELEFERİK,70,38,52615,2802,5,32136,2024-04-07
M1-M2-M3,ÇAYYOLU (M2)-BATIKENT (M1)-SİNCAN (M3) METRO,313,26,503930,218269,43,32137,2024-04-08
M4,KEÇİÖREN METRO,218,6,350980,25234,7,32137,2024-04-08
A1,ANKARAY,165,7,163350,62255,38,32137,2024-04-08
T1,TELEFERİK,70,38,52615,2723,5,32137,2024-04-08
M1-M2-M3,ÇAYYOLU (M2)-BATIKENT (M1)-SİNCAN (M3) METRO,308,26,495880,167041,34,32138,2024-04-09
M4,KEÇİÖREN METRO,216,6,347760,20193,6,32138,2024-04-09
A1,ANKARAY,166,7,164340,50452,31,32138,2024-04-09
T1,TELEFERİK,70,38,52615,2337,4,32138,2024-04-09
M1-M2-M3,ÇAYYOLU (M2)-BATIKENT (M1)-SİNCAN (M3) METRO,312,26,502320,207782,41,32139,2024-04-13
M4,KEÇİÖREN METRO,214,6,344540,25861,8,32139,2024-04-13
A1,ANKARAY,162,6,160380,76982,48,32139,2024-04-13
T1,TELEFERİK,70,38,52615,2819,5,32139,2024-04-13
M1-M2-M3,ÇAYYOLU (M2)-BATIKENT (M1)-SİNCAN (M3) METRO,347,22,558670,180739,32,32140,2024-04-14
M4,KEÇİÖREN METRO,202,5,325220,23865,7,32140,2024-04-14
A1,ANKARAY,135,5,133650,83975,63,32140,2024-04-14
T1,TELEFERİK,70,38,52615,2328,4,32140,2024-04-14
M1-M2-M3,ÇAYYOLU (M2)-BATIKENT (M1)-SİNCAN (M3) METRO,351,38,565110,399290,71,32141,2024-04-15
M4,KEÇİÖREN METRO,228,7,367080,51457,14,32141,2024-04-15
A1,ANKARAY,195,8,193050,143621,74,32141,2024-04-15
T1,TELEFERİK,70,38,52615,4853,9,32141,2024-04-15
M1-M2-M3,ÇAYYOLU (M2)-BATIKENT (M1)-SİNCAN (M3) METRO,346,38,557060,412445,74,32142,2024-04-16
M4,KEÇİÖREN METRO,236,7,379960,52319,14,32142,2024-04-16
A1,ANKARAY,192,8,190080,139772,74,32142,2024-04-16
T1,TELEFERİK,70,38,52615,5000,10,32142,2024-04-16
M1-M2-M3,ÇAYYOLU (M2)-BATIKENT (M1)-SİNCAN (M3) METRO,350,37,563500,412459,73,32145,2024-04-17
M4,KEÇİÖREN METRO,236,7,379960,51446,14,32145,2024-04-17
A1,ANKARAY,197,8,195030,141332,72,32145,2024-04-17
T1,TELEFERİK,70,38,52615,4984,9,32145,2024-04-17
M1-M2-M3,ÇAYYOLU (M2)-BATIKENT (M1)-SİNCAN (M3) METRO,356,37,573160,409676,71,32154,2024-04-18
M4,KEÇİÖREN METRO,238,7,383180,51140,13,32154,2024-04-18
A1,ANKARAY,197,8,195030,140187,72,32154,2024-04-18
T1,TELEFERİK,70,38,52615,4928,9,32154,2024-04-18
M1-M2-M3,ÇAYYOLU (M2)-BATIKENT (M1)-SİNCAN (M3) METRO,355,37,571550,424531,74,32159,2024-04-19
M4,KEÇİÖREN METRO,238,7,383180,51310,13,32159,2024-04-19
A1,ANKARAY,189,8,187110,142955,76,32159,2024-04-19
T1,TELEFERİK,70,38,52615,4963,9,32159,2024-04-19
M1-M2-M3,ÇAYYOLU (M2)-BATIKENT (M1)-SİNCAN (M3) METRO,311,26,500710,281027,56,32160,2024-04-20
M4,KEÇİÖREN METRO,216,6,347760,33888,10,32160,2024-04-20
A1,ANKARAY,162,7,160380,101167,63,32160,2024-04-20
T1,TELEFERİK,70,38,52615,971,2,32160,2024-04-20
M1-M2-M3,ÇAYYOLU (M2)-BATIKENT (M1)-SİNCAN (M3) METRO,263,22,423430,244993,58,32161,2024-04-21
M4,KEÇİÖREN METRO,202,5,325220,30586,9,32161,2024-04-21
A1,ANKARAY,135,6,133650,95565,72,32161,2024-04-21
T1,TELEFERİK,70,38,52615,2987,6,32161,2024-04-21
M1-M2-M3,ÇAYYOLU (M2)-BATIKENT (M1)-SİNCAN (M3) METRO,345,37,555450,416744,75,32164,2024-04-22
M4,KEÇİÖREN METRO,226,6,363860,51925,14,32164,2024-04-22
A1,ANKARAY,175,8,173250,139397,80,32164,2024-04-22
T1,TELEFERİK,70,38,52615,2987,6,32164,2024-04-22
M1-M2-M3,ÇAYYOLU (M2)-BATIKENT (M1)-SİNCAN (M3) METRO,350,36,563500,404323,72,32180,2024-04-24
M4,KEÇİÖREN METRO,226,7,363860,50793,14,32180,2024-04-24
A1,ANKARAY,192,8,190080,135759,71,32180,2024-04-24
T1,TELEFERİK,70,38,52615,2987,6,32180,2024-04-24
M1-M2-M3,ÇAYYOLU (M2)-BATIKENT (M1)-SİNCAN (M3) METRO,357,37,574770,402991,70,32183,2024-04-25
M4,KEÇİÖREN METRO,216,6,347760,50033,14,32183,2024-04-25
A1,ANKARAY,190,8,188100,133375,71,32183,2024-04-25
T1,TELEFERİK,0,0,0,0,0,32183,2024-04-25
M1-M2-M3,ÇAYYOLU (M2)-BATIKENT (M1)-SİNCAN (M3) METRO,356,38,573160,428108,75,32189,2024-04-26
M4,KEÇİÖREN METRO,216,6,347760,52592,15,32189,2024-04-26
A1,ANKARAY,195,8,193050,143154,74,32189,2024-04-26
T1,TELEFERİK,0,0,0,0,0,32189,2024-04-26
M1-M2-M3,ÇAYYOLU (M2)-BATIKENT (M1)-SİNCAN (M3) METRO,293,26,471730,320310,68,32190,2024-04-27
M4,KEÇİÖREN METRO,216,6,347760,36649,11,32190,2024-04-27
A1,ANKARAY,162,6,160380,109857,68,32190,2024-04-27
T1,TELEFERİK,0,0,0,0,0,32190,2024-04-27
M1-M2-M3,ÇAYYOLU (M2)-BATIKENT (M1)-SİNCAN (M3) METRO,263,22,423430,212597,50,32191,2024-04-28
M4,KEÇİÖREN METRO,202,6,325220,26929,8,32191,2024-04-28
A1,ANKARAY,135,5,133650,81669,61,32191,2024-04-28
T1,TELEFERİK,0,0,0,0,0,32191,2024-04-28
M1-M2-M3,ÇAYYOLU (M2)-BATIKENT (M1)-SİNCAN (M3) METRO,349,38,561890,396578,71,32200,2024-04-29
M4,KEÇİÖREN METRO,216,6,347760,50420,14,32200,2024-04-29
A1,ANKARAY,186,8,184140,136753,74,32200,2024-04-29
T1,TELEFERİK,0,0,0,0,0,32200,2024-04-29
M1-M2-M3,ÇAYYOLU (M2)-BATIKENT (M1)-SİNCAN (M3) METRO,352,37,566720,413348,73,32206,2024-04-30
M4,KEÇİÖREN METRO,216,6,347760,50477,15,32206,2024-04-30
A1,ANKARAY,186,8,184140,139671,76,32206,2024-04-30
T1,TELEFERİK,0,0,0,0,0,32206,2024-04-30
M1-M2-M3,ÇAYYOLU (M2)-BATIKENT (M1)-SİNCAN (M3) METRO,351,36,565110,356929,63,32209,2024-05-02
M4,KEÇİÖREN METRO,216,6,347760,47620,14,32209,2024-05-02
A1,ANKARAY,197,8,195030,134551,69,32209,2024-05-02
T1,TELEFERİK,0,0,0,0,0,32209,2024-05-02
M1-M2-M3,ÇAYYOLU (M2)-BATIKENT (M1)-SİNCAN (M3) METRO,348,37,560280,401896,72,32216,2024-05-03
M4,KEÇİÖREN METRO,214,6,344540,48952,14,32216,2024-05-03
A1,ANKARAY,197,8,195030,137871,71,32216,2024-05-03
T1,TELEFERİK,0,0,0,0,0,32216,2024-05-03
M1-M2-M3,ÇAYYOLU (M2)-BATIKENT (M1)-SİNCAN (M3) METRO,294,26,473340,318082,67,32217,2024-05-04
M4,KEÇİÖREN METRO,216,6,347760,36828,11,32217,2024-05-04
A1,ANKARAY,162,6,160380,105453,66,32217,2024-05-04
T1,TELEFERİK,0,0,0,0,0,32217,2024-05-04
M1-M2-M3,ÇAYYOLU (M2)-BATIKENT (M1)-SİNCAN (M3) METRO,244,22,392840,230442,59,32218,2024-05-05
M4,KEÇİÖREN METRO,202,5,325220,28209,9,32218,2024-05-05
A1,ANKARAY,135,5,133650,87136,65,32218,2024-05-05
T1,TELEFERİK,0,0,0,0,0,32218,2024-05-05
M1-M2-M3,ÇAYYOLU (M2)-BATIKENT (M1)-SİNCAN (M3) METRO,352,37,566720,412459,73,32221,2024-05-06
M4,KEÇİÖREN METRO,218,6,350980,51446,15,32221,2024-05-06
A1,ANKARAY,172,8,170280,139715,82,32221,2024-05-06
T1,TELEFERİK,0,0,0,0,0,32221,2024-05-06
M1-M2-M3,ÇAYYOLU (M2)-BATIKENT (M1)-SİNCAN (M3) METRO,336,36,540960,404608,75,32235,2024-05-07
M4,KEÇİÖREN METRO,218,6,350980,50294,14,32235,2024-05-07
A1,ANKARAY,161,8,159390,138849,87,32235,2024-05-07
T1,TELEFERİK,0,0,0,0,0,32235,2024-05-07
M1-M2-M3,ÇAYYOLU (M2)-BATIKENT (M1)-SİNCAN (M3) METRO,348,36,560280,384049,69,32237,2024-05-08
M4,KEÇİÖREN METRO,216,6,347760,50280,14,32237,2024-05-08
A1,ANKARAY,170,8,168300,137557,82,32237,2024-05-08
T1,TELEFERİK,0,0,0,0,0,32237,2024-05-08
M1-M2-M3,ÇAYYOLU (M2)-BATIKENT (M1)-SİNCAN (M3) METRO,350,38,563500,323438,57,32249,2024-05-09
M4,KEÇİÖREN METRO,216,6,347760,50176,14,32249,2024-05-09
A1,ANKARAY,164,8,162360,135967,84,32249,2024-05-09
T1,TELEFERİK,0,0,0,0,0,32249,2024-05-09
M1-M2-M3,ÇAYYOLU (M2)-BATIKENT (M1)-SİNCAN (M3) METRO,347,38,558670,303475,54,32254,2024-05-10
M4,KEÇİÖREN METRO,216,6,347760,41457,12,32254,2024-05-10
A1,ANKARAY,197,8,195030,142613,73,32254,2024-05-10
T1,TELEFERİK,0,0,0,0,0,32254,2024-05-10
M1-M2-M3,ÇAYYOLU (M2)-BATIKENT (M1)-SİNCAN (M3) METRO,296,26,476560,208478,44,32255,2024-05-11
M4,KEÇİÖREN METRO,216,6,347760,28045,8,32255,2024-05-11
A1,ANKARAY,162,6,160380,75500,47,32255,2024-05-11
T1,TELEFERİK,0,0,0,0,0,32255,2024-05-11
M1-M2-M3,ÇAYYOLU (M2)-BATIKENT (M1)-SİNCAN (M3) METRO,254,22,408940,146606,36,32256,2024-05-12
M4,KEÇİÖREN METRO,204,5,328440,21322,6,32256,2024-05-12
A1,ANKARAY,135,5,133650,64060,48,32256,2024-05-12
T1,TELEFERİK,0,0,0,0,0,32256,2024-05-12
M1-M2-M3,ÇAYYOLU (M2)-BATIKENT (M1)-SİNCAN (M3) METRO,349,38,561890,384403,68,32257,2024-05-13
M4,KEÇİÖREN METRO,218,6,350980,46942,13,32257,2024-05-13
A1,ANKARAY,197,8,195030,98694,51,32257,2024-05-13
T1,TELEFERİK,0,0,0,0,0,32257,2024-05-13
M1-M2-M3,ÇAYYOLU (M2)-BATIKENT (M1)-SİNCAN (M3) METRO,349,37,561890,357342,64,32265,2024-05-15
M4,KEÇİÖREN METRO,216,6,347760,38681,11,32265,2024-05-15
A1,ANKARAY,197,8,195030,80028,41,32265,2024-05-15
T1,TELEFERİK,0,0,0,0,0,32265,2024-05-15
M1-M2-M3,ÇAYYOLU (M2)-BATIKENT (M1)-SİNCAN (M3) METRO,345,34,555450,384972,69,32292,2024-05-17
M4,KEÇİÖREN METRO,218,6,350980,37754,11,32292,2024-05-17
A1,ANKARAY,200,8,198000,88236,45,32292,2024-05-17
T1,TELEFERİK,0,0,0,0,0,32292,2024-05-17
M1-M2-M3,ÇAYYOLU (M2)-BATIKENT (M1)-SİNCAN (M3) METRO,297,28,478170,313390,66,32293,2024-05-18
M4,KEÇİÖREN METRO,214,6,344540,28768,8,32293,2024-05-18
A1,ANKARAY,164,6,162360,66730,41,32293,2024-05-18
T1,TELEFERİK,0,0,0,0,0,32293,2024-05-18
M1-M2-M3,ÇAYYOLU (M2)-BATIKENT (M1)-SİNCAN (M3) METRO,342,38,550620,340046,62,32300,2024-05-20
M4,KEÇİÖREN METRO,218,6,350980,35679,10,32300,2024-05-20
A1,ANKARAY,179,8,177210,73292,41,32300,2024-05-20
T1,TELEFERİK,0,0,0,0,0,32300,2024-05-20
M1-M2-M3,ÇAYYOLU (M2)-BATIKENT (M1)-SİNCAN (M3) METRO,352,38,566720,364708,64,32301,2024-05-21
M4,KEÇİÖREN METRO,216,6,347760,48386,14,32301,2024-05-21
A1,ANKARAY,184,8,182160,87746,48,32301,2024-05-21
T1,TELEFERİK,0,0,0,0,0,32301,2024-05-21
M1-M2-M3,ÇAYYOLU (M2)-BATIKENT (M1)-SİNCAN (M3) METRO,352,37,566720,370507,65,32302,2024-05-22
M4,KEÇİÖREN METRO,216,6,347760,46254,13,32302,2024-05-22
A1,ANKARAY,187,7,185130,75771,41,32302,2024-05-22
T1,TELEFERİK,0,0,0,0,100,32302,2024-05-22
M1-M2-M3,ÇAYYOLU (M2)-BATIKENT (M1)-SİNCAN (M3) METRO,357,38,574770,352968,61,32303,2024-05-23
M4,KEÇİÖREN METRO,216,6,347760,43400,12,32303,2024-05-23
A1,ANKARAY,196,8,194040,58655,30,32303,2024-05-23
T1,TELEFERİK,0,0,0,0,0,32303,2024-05-23
M1-M2-M3,ÇAYYOLU (M2)-BATIKENT (M1)-SİNCAN (M3) METRO,357,39,574770,357557,62,32304,2024-05-24
M4,KEÇİÖREN METRO,216,6,347760,45400,13,32304,2024-05-24
A1,ANKARAY,188,7,186120,119964,64,32304,2024-05-24
T1,TELEFERİK,0,0,0,0,100,32304,2024-05-24
M1-M2-M3,ÇAYYOLU (M2)-BATIKENT (M1)-SİNCAN (M3) METRO,300,26,483000,276340,57,32305,2024-05-25
M4,KEÇİÖREN METRO,208,6,334880,33003,10,32305,2024-05-25
A1,ANKARAY,162,5,160380,95772,60,32305,2024-05-25
T1,TELEFERİK,0,0,0,0,100,32305,2024-05-25
M1-M2-M3,ÇAYYOLU (M2)-BATIKENT (M1)-SİNCAN (M3) METRO,259,22,416990,233705,56,32306,2024-05-26
M4,KEÇİÖREN METRO,202,5,325220,30535,9,32306,2024-05-26
A1,ANKARAY,197,5,195030,94025,48,32306,2024-05-26
T1,TELEFERİK,0,0,0,0,0,32306,2024-05-26
M1-M2-M3,ÇAYYOLU (M2)-BATIKENT (M1)-SİNCAN (M3) METRO,355,39,571550,374955,66,32308,2024-05-27
M4,KEÇİÖREN METRO,216,6,347760,46433,13,32308,2024-05-27
A1,ANKARAY,191,7,189090,125092,66,32308,2024-05-27
T1,TELEFERİK,0,0,0,0,0,32308,2024-05-27
M1-M2-M3,ÇAYYOLU (M2)-BATIKENT (M1)-SİNCAN (M3) METRO,347,38,558670,329332,59,32309,2024-05-28
M4,KEÇİÖREN METRO,218,6,350980,46733,13,32309,2024-05-28
A1,ANKARAY,187,7,185130,121584,66,32309,2024-05-28
T1,TELEFERİK,0,0,0,0,0,32309,2024-05-28
M1-M2-M3,ÇAYYOLU (M2)-BATIKENT (M1)-SİNCAN (M3) METRO,349,39,561890,395811,70,32310,2024-05-29
M4,KEÇİÖREN METRO,216,6,347760,49304,14,32310,2024-05-29
A1,ANKARAY,191,8,189090,129675,69,32310,2024-05-29
T1,TELEFERİK,0,0,0,0,0,32310,2024-05-29
M1-M2-M3,ÇAYYOLU (M2)-BATIKENT (M1)-SİNCAN (M3) METRO,348,39,560280,395687,71,32321,2024-05-30
M4,KEÇİÖREN METRO,218,6,350980,47393,14,32321,2024-05-30
A1,ANKARAY,187,8,185130,125539,68,32321,2024-05-30
T1,TELEFERİK,0,0,0,0,0,32321,2024-05-30
M1-M2-M3,ÇAYYOLU (M2)-BATIKENT (M1)-SİNCAN (M3) METRO,342,38,550620,413094,75,32325,2024-05-31
M4,KEÇİÖREN METRO,216,6,347760,48665,14,32325,2024-05-31
A1,ANKARAY,196,8,194040,130750,67,32325,2024-05-31
T1,TELEFERİK,0,0,0,0,0,32325,2024-05-31
M1-M2-M3,ÇAYYOLU (M2)-BATIKENT (M1)-SİNCAN (M3) METRO,291,26,468510,299078,64,32326,2024-06-01
M4,KEÇİÖREN METRO,216,6,347760,36952,11,32326,2024-06-01
A1,ANKARAY,156,6,154440,96260,62,32326,2024-06-01
T1,TELEFERİK,0,0,0,0,0,32326,2024-06-01
M1-M2-M3,ÇAYYOLU (M2)-BATIKENT (M1)-SİNCAN (M3) METRO,271,22,436310,209479,48,32327,2024-06-02
M4,KEÇİÖREN METRO,202,5,325220,27979,9,32327,2024-06-02
A1,ANKARAY,135,5,133650,78286,59,32327,2024-06-02
T1,TELEFERİK,0,0,0,0,0,32327,2024-06-02
M1-M2-M3,ÇAYYOLU (M2)-BATIKENT (M1)-SİNCAN (M3) METRO,352,39,566720,387265,68,32328,2024-06-03
M4,KEÇİÖREN METRO,218,6,350980,49903,14,32328,2024-06-03
A1,ANKARAY,166,6,164340,129473,79,32328,2024-06-03
T1,TELEFERİK,0,0,0,0,0,32328,2024-06-03
M1-M2-M3,ÇAYYOLU (M2)-BATIKENT (M1)-SİNCAN (M3) METRO,352,38,566720,387068,68,32329,2024-06-04
M4,KEÇİÖREN METRO,216,6,347760,50775,15,32329,2024-06-04
A1,ANKARAY,163,6,161370,127895,79,32329,2024-06-04
T1,TELEFERİK,0,0,0,0,0,32329,2024-06-04
M1-M2-M3,ÇAYYOLU (M2)-BATIKENT (M1)-SİNCAN (M3) METRO,345,38,555450,395748,71,32330,2024-06-05
M4,KEÇİÖREN METRO,216,6,347760,50486,15,32330,2024-06-05
A1,ANKARAY,184,7,182160,131114,72,32330,2024-06-05
T1,TELEFERİK,0,0,0,0,0,32330,2024-06-05
M1-M2-M3,ÇAYYOLU (M2)-BATIKENT (M1)-SİNCAN (M3) METRO,344,37,553840,395986,71,32337,2024-06-06
M4,KEÇİÖREN METRO,216,6,347760,50714,15,32337,2024-06-06
A1,ANKARAY,188,7,186120,132346,71,32337,2024-06-06
T1,TELEFERİK,0,0,0,0,0,32337,2024-06-06
M1-M2-M3,ÇAYYOLU (M2)-BATIKENT (M1)-SİNCAN (M3) METRO,351,37,565110,373982,66,32349,2024-06-07
M4,KEÇİÖREN METRO,216,6,347760,49004,14,32349,2024-06-07
A1,ANKARAY,186,8,184140,132432,72,32349,2024-06-07
T1,TELEFERİK,0,0,0,0,0,32349,2024-06-07
M1-M2-M3,ÇAYYOLU (M2)-BATIKENT (M1)-SİNCAN (M3) METRO,294,26,473340,243792,52,32350,2024-06-08
M4,KEÇİÖREN METRO,220,6,354200,31565,9,32350,2024-06-08
A1,ANKARAY,162,6,160380,87661,55,32350,2024-06-08
T1,TELEFERİK,0,0,0,0,0,32350,2024-06-08
M1-M2-M3,ÇAYYOLU (M2)-BATIKENT (M1)-SİNCAN (M3) METRO,280,22,450800,217872,48,32351,2024-06-09
M4,KEÇİÖREN METRO,210,5,338100,27255,8,32351,2024-06-09
A1,ANKARAY,162,6,160380,79039,49,32351,2024-06-09
T1,TELEFERİK,0,0,0,0,0,32351,2024-06-09
M1-M2-M3,ÇAYYOLU (M2)-BATIKENT (M1)-SİNCAN (M3) METRO,344,37,553840,382445,69,32360,2024-06-10
M4,KEÇİÖREN METRO,216,6,347760,47010,14,32360,2024-06-10
A1,ANKARAY,155,8,153450,128381,84,32360,2024-06-10
T1,TELEFERİK,0,0,0,0,0,32360,2024-06-10
M1-M2-M3,ÇAYYOLU (M2)-BATIKENT (M1)-SİNCAN (M3) METRO,340,37,547400,375122,69,32365,2024-06-11
M4,KEÇİÖREN METRO,216,6,347760,45011,13,32365,2024-06-11
A1,ANKARAY,173,8,171270,125857,73,32365,2024-06-11
T1,TELEFERİK,0,0,0,0,0,32365,2024-06-11
M1-M2-M3,ÇAYYOLU (M2)-BATIKENT (M1)-SİNCAN (M3) METRO,352,38,566720,369037,65,32367,2024-06-12
M4,KEÇİÖREN METRO,216,6,347760,44574,13,32367,2024-06-12
A1,ANKARAY,146,6,144540,125081,87,32367,2024-06-12
T1,TELEFERİK,0,0,0,0,0,32367,2024-06-12
M1-M2-M3,ÇAYYOLU (M2)-BATIKENT (M1)-SİNCAN (M3) METRO,348,38,560280,360044,64,32378,2024-06-13
M4,KEÇİÖREN METRO,216,6,347760,43237,12,32378,2024-06-13
A1,ANKARAY,160,6,158400,119410,75,32378,2024-06-13
T1,TELEFERİK,0,0,0,0,100,32378,2024-06-13
M1-M2-M3,ÇAYYOLU (M2)-BATIKENT (M1)-SİNCAN (M3) METRO,343,39,552230,370370,67,32384,2024-06-14
M4,KEÇİÖREN METRO,216,6,347760,46218,13,32384,2024-06-14
A1,ANKARAY,164,8,162360,121524,75,32384,2024-06-14
T1,TELEFERİK,0,0,0,0,0,32384,2024-06-14
M1-M2-M3,ÇAYYOLU (M2)-BATIKENT (M1)-SİNCAN (M3) METRO,273,23,439530,175254,40,32385,2024-06-15
M4,KEÇİÖREN METRO,206,5,331660,21130,6,32385,2024-06-15
A1,ANKARAY,162,6,160380,64858,40,32385,2024-06-15
T1,TELEFERİK,0,0,0,0,0,32385,2024-06-15
M1-M2-M3,ÇAYYOLU (M2)-BATIKENT (M1)-SİNCAN (M3) METRO,292,22,470120,184648,39,32386,2024-06-20
M4,KEÇİÖREN METRO,206,5,331660,22251,7,32386,2024-06-20
A1,ANKARAY,162,6,160380,54529,34,32386,2024-06-20
T1,TELEFERİK,0,0,0,0,0,32386,2024-06-20
M1-M2-M3,ÇAYYOLU (M2)-BATIKENT (M1)-SİNCAN (M3) METRO,283,22,455630,193011,42,32387,2024-06-21
M4,KEÇİÖREN METRO,204,5,328440,23401,7,32387,2024-06-21
A1,ANKARAY,162,6,160380,61409,38,32387,2024-06-21
T1,TELEFERİK,0,0,0,0,0,32387,2024-06-21
M1-M2-M3,ÇAYYOLU (M2)-BATIKENT (M1)-SİNCAN (M3) METRO,280,22,450800,187709,42,32388,2024-06-22
M4,KEÇİÖREN METRO,206,5,331660,23850,7,32388,2024-06-22
A1,ANKARAY,162,6,160380,61868,39,32388,2024-06-22
T1,TELEFERİK,0,0,0,0,0,32388,2024-06-22
M1-M2-M3,ÇAYYOLU (M2)-BATIKENT (M1)-SİNCAN (M3) METRO,254,22,408940,155661,38,32389,2024-06-23
M4,KEÇİÖREN METRO,202,5,325220,20474,6,32389,2024-06-23
A1,ANKARAY,162,5,160380,59280,37,32389,2024-06-23
T1,TELEFERİK,0,0,0,0,0,32389,2024-06-23
M1-M2-M3,ÇAYYOLU (M2)-BATIKENT (M1)-SİNCAN (M3) METRO,331,32,532910,326057,61,32390,2024-06-24
M4,KEÇİÖREN METRO,216,6,347760,38939,11,32390,2024-06-24
A1,ANKARAY,166,8,164340,106385,65,32390,2024-06-24
T1,TELEFERİK,0,0,0,0,0,32390,2024-06-24
M1-M2-M3,ÇAYYOLU (M2)-BATIKENT (M1)-SİNCAN (M3) METRO,328,32,528080,325408,62,32392,2024-06-25
M4,KEÇİÖREN METRO,216,6,347760,38619,11,32392,2024-06-25
A1,ANKARAY,164,6,162360,109426,67,32392,2024-06-25
T1,TELEFERİK,0,0,0,0,0,32392,2024-06-25
M1-M2-M3,ÇAYYOLU (M2)-BATIKENT (M1)-SİNCAN (M3) METRO,324,32,521640,332554,64,32396,2024-06-26
M4,KEÇİÖREN METRO,218,6,350980,39194,11,32396,2024-06-26
A1,ANKARAY,166,6,164340,104296,63,32396,2024-06-26
T1,TELEFERİK,0,0,0,0,0,32396,2024-06-26
M1-M2-M3,ÇAYYOLU (M2)-BATIKENT (M1)-SİNCAN (M3) METRO,336,32,540960,338372,63,32397,2024-06-27
M4,KEÇİÖREN METRO,216,6,347760,38832,11,32397,2024-06-27
A1,ANKARAY,166,6,164340,105924,64,32397,2024-06-27
T1,TELEFERİK,0,0,0,0,0,32397,2024-06-27
M1-M2-M3,ÇAYYOLU (M2)-BATIKENT (M1)-SİNCAN (M3) METRO,329,34,529690,325707,61,32398,2024-06-28
M4,KEÇİÖREN METRO,216,6,347760,38263,11,32398,2024-06-28
A1,ANKARAY,163,6,161370,115431,72,32398,2024-06-28
T1,TELEFERİK,0,0,0,0,0,32398,2024-06-28
M1-M2-M3,ÇAYYOLU (M2)-BATIKENT (M1)-SİNCAN (M3) METRO,297,26,478170,250589,52,32399,2024-06-29
M4,KEÇİÖREN METRO,216,6,347760,29928,9,32399,2024-06-29
A1,ANKARAY,153,6,151470,79970,53,32399,2024-06-29
T1,TELEFERİK,0,0,0,0,0,32399,2024-06-29
M1-M2-M3,ÇAYYOLU (M2)-BATIKENT (M1)-SİNCAN (M3) METRO,241,20,388010,195796,50,32400,2024-06-30
M4,KEÇİÖREN METRO,202,5,325220,23277,7,32400,2024-06-30
A1,ANKARAY,134,5,132660,69566,52,32400,2024-06-30
T1,TELEFERİK,0,0,0,0,0,32400,2024-06-30
M1-M2-M3,ÇAYYOLU (M2)-BATIKENT (M1)-SİNCAN (M3) METRO,330,32,531300,331411,62,32401,2024-07-01
M4,KEÇİÖREN METRO,216,6,347760,36829,11,32401,2024-07-01
A1,ANKARAY,161,6,159390,102508,64,32401,2024-07-01
T1,TELEFERİK,0,0,0,0,0,32401,2024-07-01
M1-M2-M3,ÇAYYOLU (M2)-BATIKENT (M1)-SİNCAN (M3) METRO,327,32,526470,326834,62,32402,2024-07-02
M4,KEÇİÖREN METRO,218,6,350980,37078,11,32402,2024-07-02
A1,ANKARAY,165,6,163350,109623,67,32402,2024-07-02
T1,TELEFERİK,0,0,0,0,0,32402,2024-07-02
M1-M2-M3,ÇAYYOLU (M2)-BATIKENT (M1)-SİNCAN (M3) METRO,334,33,537740,327990,61,32403,2024-07-03
M4,KEÇİÖREN METRO,220,6,354200,36362,10,32403,2024-07-03
A1,ANKARAY,166,6,164340,97940,60,32403,2024-07-03
T1,TELEFERİK,0,0,0,0,0,32403,2024-07-03
M1-M2-M3,ÇAYYOLU (M2)-BATIKENT (M1)-SİNCAN (M3) METRO,328,35,528080,326334,62,32406,2024-07-04
M4,KEÇİÖREN METRO,216,6,347760,36050,10,32406,2024-07-04
A1,ANKARAY,166,6,164340,99255,60,32406,2024-07-04
T1,TELEFERİK,0,0,0,0,0,32406,2024-07-04
M1-M2-M3,ÇAYYOLU (M2)-BATIKENT (M1)-SİNCAN (M3) METRO,327,35,526470,319328,61,32408,2024-07-05
M4,KEÇİÖREN METRO,218,6,350980,35446,10,32408,2024-07-05
A1,ANKARAY,164,6,162360,97581,60,32408,2024-07-05
T1,TELEFERİK,0,0,0,0,0,32408,2024-07-05
M1-M2-M3,ÇAYYOLU (M2)-BATIKENT (M1)-SİNCAN (M3) METRO,293,27,471730,250152,53,32409,2024-07-06
M4,KEÇİÖREN METRO,216,6,347760,27358,8,32409,2024-07-06
A1,ANKARAY,162,6,160380,72765,45,32409,2024-07-06
T1,TELEFERİK,0,0,0,0,0,32409,2024-07-06
M1-M2-M3,ÇAYYOLU (M2)-BATIKENT (M1)-SİNCAN (M3) METRO,239,20,384790,184986,48,32410,2024-07-07
M4,KEÇİÖREN METRO,214,5,344540,23170,7,32410,2024-07-07
A1,ANKARAY,135,5,133650,60551,45,32410,2024-07-07
T1,TELEFERİK,0,0,0,0,0,32410,2024-07-07
M1-M2-M3,ÇAYYOLU (M2)-BATIKENT (M1)-SİNCAN (M3) METRO,327,33,526470,331501,63,32416,2024-07-08
M4,KEÇİÖREN METRO,216,6,347760,39572,11,32416,2024-07-08
A1,ANKARAY,166,6,164340,91896,56,32416,2024-07-08
T1,TELEFERİK,0,0,0,0,0,32416,2024-07-08
M1-M2-M3,ÇAYYOLU (M2)-BATIKENT (M1)-SİNCAN (M3) METRO,328,33,528080,332778,63,32417,2024-07-09
M4,KEÇİÖREN METRO,218,6,350980,35502,10,32417,2024-07-09
A1,ANKARAY,166,6,164340,86986,53,32417,2024-07-09
T1,TELEFERİK,0,0,0,0,0,32417,2024-07-09
M1-M2-M3,ÇAYYOLU (M2)-BATIKENT (M1)-SİNCAN (M3) METRO,327,33,526470,332306,63,32418,2024-07-10
M4,KEÇİÖREN METRO,216,6,347760,36027,10,32418,2024-07-10
A1,ANKARAY,166,6,164340,90198,55,32418,2024-07-10
T1,TELEFERİK,0,0,0,0,0,32418,2024-07-10
M1-M2-M3,ÇAYYOLU (M2)-BATIKENT (M1)-SİNCAN (M3) METRO,325,32,523250,326031,62,32420,2024-07-11
M4,KEÇİÖREN METRO,216,6,347760,35174,10,32420,2024-07-11
A1,ANKARAY,166,6,164340,88508,54,32420,2024-07-11
T1,TELEFERİK,0,0,0,0,0,32420,2024-07-11
M1-M2-M3,ÇAYYOLU (M2)-BATIKENT (M1)-SİNCAN (M3) METRO,330,33,531300,323223,61,32424,2024-07-12
M4,KEÇİÖREN METRO,216,6,347760,36198,10,32424,2024-07-12
A1,ANKARAY,196,6,194040,91071,47,32424,2024-07-12
T1,TELEFERİK,0,0,0,0,0,32424,2024-07-12
M1-M2-M3,ÇAYYOLU (M2)-BATIKENT (M1)-SİNCAN (M3) METRO,254,26,408940,234357,57,32425,2024-07-13
M4,KEÇİÖREN METRO,216,6,347760,25823,7,32425,2024-07-13
A1,ANKARAY,162,6,160380,68533,43,32425,2024-07-13
T1,TELEFERİK,0,0,0,0,0,32425,2024-07-13
M1-M2-M3,ÇAYYOLU (M2)-BATIKENT (M1)-SİNCAN (M3) METRO,238,20,383180,182076,48,32426,2024-07-14
M4,KEÇİÖREN METRO,202,5,325220,21752,7,32426,2024-07-14
A1,ANKARAY,135,5,133650,60332,45,32426,2024-07-14
T1,TELEFERİK,0,0,0,0,0,32426,2024-07-14
M1-M2-M3,ÇAYYOLU (M2)-BATIKENT (M1)-SİNCAN (M3) METRO,331,32,532910,317656,60,32427,2024-07-16
M4,KEÇİÖREN METRO,216,6,347760,35548,10,32427,2024-07-16
A1,ANKARAY,162,6,160380,87436,55,32427,2024-07-16
T1,TELEFERİK,0,0,0,0,0,32427,2024-07-16
M1-M2-M3,ÇAYYOLU (M2)-BATIKENT (M1)-SİNCAN (M3) METRO,332,34,534520,327607,61,32428,2024-07-17
M4,KEÇİÖREN METRO,218,6,350980,33636,10,32428,2024-07-17
A1,ANKARAY,162,6,160380,86451,54,32428,2024-07-17
T1,TELEFERİK,0,0,0,0,0,32428,2024-07-17
M1-M2-M3,ÇAYYOLU (M2)-BATIKENT (M1)-SİNCAN (M3) METRO,331,32,532910,328166,62,32429,2024-07-18
M4,KEÇİÖREN METRO,218,6,350980,34729,10,32429,2024-07-18
A1,ANKARAY,166,6,164340,87553,53,32429,2024-07-18
T1,TELEFERİK,0,0,0,0,0,32429,2024-07-18
M1-M2-M3,ÇAYYOLU (M2)-BATIKENT (M1)-SİNCAN (M3) METRO,329,33,529690,321193,61,32449,2024-07-19
M4,KEÇİÖREN METRO,218,6,350980,34463,10,32449,2024-07-19
A1,ANKARAY,166,6,164340,90145,55,32449,2024-07-19
T1,TELEFERİK,0,0,0,0,0,32449,2024-07-19
M1-M2-M3,ÇAYYOLU (M2)-BATIKENT (M1)-SİNCAN (M3) METRO,289,26,465290,245276,53,32450,2024-07-20
M4,KEÇİÖREN METRO,218,6,350980,28294,8,32450,2024-07-20
A1,ANKARAY,162,6,160380,68621,43,32450,2024-07-20
T1,TELEFERİK,0,0,0,0,0,32450,2024-07-20
M1-M2-M3,ÇAYYOLU (M2)-BATIKENT (M1)-SİNCAN (M3) METRO,239,20,384790,178416,46,32451,2024-07-21
M4,KEÇİÖREN METRO,202,5,325220,21235,7,32451,2024-07-21
A1,ANKARAY,135,5,133650,56320,42,32451,2024-07-21
T1,TELEFERİK,0,0,0,0,0,32451,2024-07-21
M1-M2-M3,ÇAYYOLU (M2)-BATIKENT (M1)-SİNCAN (M3) METRO,284,33,457240,277944,61,32461,2024-07-22
M4,KEÇİÖREN METRO,218,6,350980,34502,10,32461,2024-07-22
A1,ANKARAY,166,6,164340,84194,51,32461,2024-07-22
T1,TELEFERİK,0,0,0,0,0,32461,2024-07-22
M1-M2-M3,ÇAYYOLU (M2)-BATIKENT (M1)-SİNCAN (M3) METRO,329,32,529690,340706,64,32465,2024-07-23
M4,KEÇİÖREN METRO,216,6,347760,33616,10,32465,2024-07-23
A1,ANKARAY,166,6,164340,85540,52,32465,2024-07-23
T1,TELEFERİK,0,0,0,0,0,32465,2024-07-23
M1-M2-M3,ÇAYYOLU (M2)-BATIKENT (M1)-SİNCAN (M3) METRO,300,32,483000,318403,66,32486,2024-07-24
M4,KEÇİÖREN METRO,216,6,347760,33658,10,32486,2024-07-24
A1,ANKARAY,166,6,164340,86338,53,32486,2024-07-24
T1,TELEFERİK,0,0,0,0,0,32486,2024-07-24
M1-M2-M3,ÇAYYOLU (M2)-BATIKENT (M1)-SİNCAN (M3) METRO,329,32,529690,310320,59,32488,2024-07-25
M4,KEÇİÖREN METRO,218,6,350980,36663,10,32488,2024-07-25
A1,ANKARAY,166,6,164340,80425,49,32488,2024-07-25
T1,TELEFERİK,0,0,0,0,0,32488,2024-07-25
M1-M2-M3,ÇAYYOLU (M2)-BATIKENT (M1)-SİNCAN (M3) METRO,325,32,523250,314580,60,32515,2024-07-26
M4,KEÇİÖREN METRO,216,6,347760,35363,10,32515,2024-07-26
A1,ANKARAY,166,6,164340,83122,51,32515,2024-07-26
T1,TELEFERİK,0,0,0,0,0,32515,2024-07-26
M1-M2-M3,ÇAYYOLU (M2)-BATIKENT (M1)-SİNCAN (M3) METRO,293,26,471730,240875,51,32516,2024-07-27
M4,KEÇİÖREN METRO,216,6,347760,27439,8,32516,2024-07-27
A1,ANKARAY,162,6,160380,65397,41,32516,2024-07-27
T1,TELEFERİK,0,0,0,0,0,32516,2024-07-27
M1-M2-M3,ÇAYYOLU (M2)-BATIKENT (M1)-SİNCAN (M3) METRO,239,20,384790,173371,45,32517,2024-07-28
M4,KEÇİÖREN METRO,202,5,325220,21417,7,32517,2024-07-28
A1,ANKARAY,135,5,133650,55801,42,32517,2024-07-28
T1,TELEFERİK,0,0,0,0,0,32517,2024-07-28
M1-M2-M3,ÇAYYOLU (M2)-BATIKENT (M1)-SİNCAN (M3) METRO,327,33,526470,326079,62,32532,2024-07-29
M4,KEÇİÖREN METRO,212,6,341320,34418,10,32532,2024-07-29
A1,ANKARAY,166,6,164340,82371,50,32532,2024-07-29
T1,TELEFERİK,0,0,0,0,0,32532,2024-07-29
M1-M2-M3,ÇAYYOLU (M2)-BATIKENT (M1)-SİNCAN (M3) METRO,325,33,523250,319387,61,32545,2024-07-30
M4,KEÇİÖREN METRO,210,6,338100,34451,10,32545,2024-07-30
A1,ANKARAY,163,6,161370,79913,50,32545,2024-07-30
T1,TELEFERİK,0,0,0,0,0,32545,2024-07-30
M1-M2-M3,ÇAYYOLU (M2)-BATIKENT (M1)-SİNCAN (M3) METRO,326,33,524860,321928,61,32546,2024-07-31
M4,KEÇİÖREN METRO,208,6,334880,33926,10,32546,2024-07-31
A1,ANKARAY,166,6,164340,80498,49,32546,2024-07-31
T1,TELEFERİK,0,0,0,0,0,32546,2024-07-31
M1-M2-M3,ÇAYYOLU (M2)-BATIKENT (M1)-SİNCAN (M3) METRO,324,33,521640,316670,61,32547,2024-08-01
M4,KEÇİÖREN METRO,210,6,338100,33908,10,32547,2024-08-01
A1,ANKARAY,166,6,164340,80223,49,32547,2024-08-01
T1,TELEFERİK,0,0,0,0,0,32547,2024-08-01
M1-M2-M3,ÇAYYOLU (M2)-BATIKENT (M1)-SİNCAN (M3) METRO,329,34,529690,314177,59,32548,2024-08-02
M4,KEÇİÖREN METRO,210,6,338100,33677,10,32548,2024-08-02
A1,ANKARAY,166,6,164340,80121,49,32548,2024-08-02
T1,TELEFERİK,0,0,0,0,0,32548,2024-08-02
M1-M2-M3,ÇAYYOLU (M2)-BATIKENT (M1)-SİNCAN (M3) METRO,286,26,460460,231209,50,32549,2024-08-03
M4,KEÇİÖREN METRO,210,6,338100,26199,8,32549,2024-08-03
A1,ANKARAY,162,6,160380,60665,38,32549,2024-08-03
T1,TELEFERİK,0,0,0,0,0,32549,2024-08-03
M1-M2-M3,ÇAYYOLU (M2)-BATIKENT (M1)-SİNCAN (M3) METRO,251,22,404110,161582,40,32550,2024-08-04
M4,KEÇİÖREN METRO,190,5,305900,19745,6,32550,2024-08-04
A1,ANKARAY,135,5,133650,51591,39,32550,2024-08-04
T1,TELEFERİK,0,0,0,0,0,32550,2024-08-04
M1-M2-M3,ÇAYYOLU (M2)-BATIKENT (M1)-SİNCAN (M3) METRO,325,33,523250,310777,59,32552,2024-08-05
M4,KEÇİÖREN METRO,210,6,338100,33234,10,32552,2024-08-05
A1,ANKARAY,166,6,164340,81276,49,32552,2024-08-05
T1,TELEFERİK,0,0,0,0,0,32552,2024-08-05
M1-M2-M3,ÇAYYOLU (M2)-BATIKENT (M1)-SİNCAN (M3) METRO,326,32,524860,309855,59,32554,2024-08-06
M4,KEÇİÖREN METRO,210,6,338100,33148,10,32554,2024-08-06
A1,ANKARAY,166,6,164340,77776,47,32554,2024-08-06
T1,TELEFERİK,0,0,0,0,0,32554,2024-08-06
M1-M2-M3,ÇAYYOLU (M2)-BATIKENT (M1)-SİNCAN (M3) METRO,320,33,515200,315179,61,32555,2024-08-07
M4,KEÇİÖREN METRO,210,6,338100,33963,10,32555,2024-08-07
A1,ANKARAY,166,6,164340,78688,48,32555,2024-08-07
T1,TELEFERİK,0,0,0,0,0,32555,2024-08-07
M1-M2-M3,ÇAYYOLU (M2)-BATIKENT (M1)-SİNCAN (M3) METRO,322,33,518420,306570,59,32556,2024-08-08
M4,KEÇİÖREN METRO,210,6,338100,32884,10,32556,2024-08-08
A1,ANKARAY,166,6,164340,77105,47,32556,2024-08-08
T1,TELEFERİK,0,0,0,0,0,32556,2024-08-08
M1-M2-M3,ÇAYYOLU (M2)-BATIKENT (M1)-SİNCAN (M3) METRO,315,33,507150,301708,59,32559,2024-08-09
M4,KEÇİÖREN METRO,210,6,338100,32628,10,32559,2024-08-09
A1,ANKARAY,166,6,164340,78786,48,32559,2024-08-09
T1,TELEFERİK,0,0,0,0,0,32559,2024-08-09
M1-M2-M3,ÇAYYOLU (M2)-BATIKENT (M1)-SİNCAN (M3) METRO,288,26,463680,223555,48,32560,2024-08-10
M4,KEÇİÖREN METRO,210,6,338100,25075,7,32560,2024-08-10
A1,ANKARAY,162,6,160380,59879,37,32560,2024-08-10
T1,TELEFERİK,0,0,0,0,0,32560,2024-08-10
M1-M2-M3,ÇAYYOLU (M2)-BATIKENT (M1)-SİNCAN (M3) METRO,252,22,405720,161161,40,32561,2024-08-11
M4,KEÇİÖREN METRO,190,5,305900,19274,6,32561,2024-08-11
A1,ANKARAY,135,5,133650,50472,38,32561,2024-08-11
T1,TELEFERİK,0,0,0,0,0,32561,2024-08-11
M1-M2-M3,ÇAYYOLU (M2)-BATIKENT (M1)-SİNCAN (M3) METRO,324,32,521640,308010,59,32562,2024-08-12
M4,KEÇİÖREN METRO,214,6,344540,33199,10,32562,2024-08-12
A1,ANKARAY,166,6,164340,79911,49,32562,2024-08-12
T1,TELEFERİK,0,0,0,0,0,32562,2024-08-12
M1-M2-M3,ÇAYYOLU (M2)-BATIKENT (M1)-SİNCAN (M3) METRO,317,33,510370,300928,59,32570,2024-08-13
M4,KEÇİÖREN METRO,210,6,338100,32725,10,32570,2024-08-13
A1,ANKARAY,166,6,164340,75253,46,32570,2024-08-13
T1,TELEFERİK,0,0,0,0,0,32570,2024-08-13
M1-M2-M3,ÇAYYOLU (M2)-BATIKENT (M1)-SİNCAN (M3) METRO,308,28,495880,309368,62,32572,2024-08-14
M4,KEÇİÖREN METRO,210,6,338100,33374,10,32572,2024-08-14
A1,ANKARAY,165,6,163350,77893,48,32572,2024-08-14
T1,TELEFERİK,0,0,0,0,0,32572,2024-08-14
M1-M2-M3,ÇAYYOLU (M2)-BATIKENT (M1)-SİNCAN (M3) METRO,311,28,500710,305625,61,32573,2024-08-15
M4,KEÇİÖREN METRO,208,6,334880,32553,10,32573,2024-08-15
A1,ANKARAY,166,6,164340,77784,47,32573,2024-08-15
T1,TELEFERİK,0,0,0,0,0,32573,2024-08-15
M1-M2-M3,ÇAYYOLU (M2)-BATIKENT (M1)-SİNCAN (M3) METRO,310,28,499100,305580,61,32576,2024-08-16
M4,KEÇİÖREN METRO,210,6,338100,32214,10,32576,2024-08-16
A1,ANKARAY,166,6,164340,80630,49,32576,2024-08-16
T1,TELEFERİK,0,0,0,0,0,32576,2024-08-16
M1-M2-M3,ÇAYYOLU (M2)-BATIKENT (M1)-SİNCAN (M3) METRO,268,22,431480,232783,54,32577,2024-08-17
M4,KEÇİÖREN METRO,208,6,334880,25434,8,32577,2024-08-17
A1,ANKARAY,162,6,160380,64717,40,32577,2024-08-17
T1,TELEFERİK,0,0,0,0,0,32577,2024-08-17
M1-M2-M3,ÇAYYOLU (M2)-BATIKENT (M1)-SİNCAN (M3) METRO,235,20,378350,165934,44,32578,2024-08-18
M4,KEÇİÖREN METRO,188,5,302680,19481,6,32578,2024-08-18
A1,ANKARAY,135,5,133650,52520,39,32578,2024-08-18
T1,TELEFERİK,0,0,0,0,0,32578,2024-08-18
M1-M2-M3,ÇAYYOLU (M2)-BATIKENT (M1)-SİNCAN (M3) METRO,313,28,503930,304358,60,32584,2024-08-19
M4,KEÇİÖREN METRO,210,6,338100,33932,10,32584,2024-08-19
A1,ANKARAY,166,6,164340,81807,50,32584,2024-08-19
T1,TELEFERİK,0,0,0,0,0,32584,2024-08-19
M1-M2-M3,ÇAYYOLU (M2)-BATIKENT (M1)-SİNCAN (M3) METRO,314,29,505540,304226,60,32586,2024-08-20
M4,KEÇİÖREN METRO,206,6,331660,33332,10,32586,2024-08-20
A1,ANKARAY,166,6,164340,78747,48,32586,2024-08-20
T1,TELEFERİK,0,0,0,0,0,32586,2024-08-20
M1-M2-M3,ÇAYYOLU (M2)-BATIKENT (M1)-SİNCAN (M3) METRO,311,29,500710,299062,60,32592,2024-08-21
M4,KEÇİÖREN METRO,210,6,338100,32340,10,32592,2024-08-21
A1,ANKARAY,166,6,164340,77434,47,32592,2024-08-21
T1,TELEFERİK,0,0,0,0,0,32592,2024-08-21
M1-M2-M3,ÇAYYOLU (M2)-BATIKENT (M1)-SİNCAN (M3) METRO,312,28,502320,300158,60,32593,2024-08-22
M4,KEÇİÖREN METRO,210,6,338100,32686,10,32593,2024-08-22
A1,ANKARAY,166,6,164340,77261,47,32593,2024-08-22
T1,TELEFERİK,0,0,0,0,0,32593,2024-08-22
M1-M2-M3,ÇAYYOLU (M2)-BATIKENT (M1)-SİNCAN (M3) METRO,314,29,505540,297241,59,32596,2024-08-23
M4,KEÇİÖREN METRO,208,6,334880,31997,10,32596,2024-08-23
A1,ANKARAY,166,6,164340,78069,48,32596,2024-08-23
T1,TELEFERİK,0,0,0,0,0,32596,2024-08-23
M1-M2-M3,ÇAYYOLU (M2)-BATIKENT (M1)-SİNCAN (M3) METRO,266,22,428260,222598,52,32597,2024-08-24
M4,KEÇİÖREN METRO,210,6,338100,25261,7,32597,2024-08-24
A1,ANKARAY,162,6,160380,60713,38,32597,2024-08-24
T1,TELEFERİK,0,0,0,0,0,32597,2024-08-24
M1-M2-M3,ÇAYYOLU (M2)-BATIKENT (M1)-SİNCAN (M3) METRO,234,20,376740,147639,39,32598,2024-08-25
M4,KEÇİÖREN METRO,190,5,305900,18748,6,32598,2024-08-25
A1,ANKARAY,165,5,163350,45869,28,32598,2024-08-25
T1,TELEFERİK,0,0,0,0,0,32598,2024-08-25
M1-M2-M3,ÇAYYOLU (M2)-BATIKENT (M1)-SİNCAN (M3) METRO,311,29,500710,305907,61,32599,2024-08-26
M4,KEÇİÖREN METRO,210,6,338100,33475,10,32599,2024-08-26
A1,ANKARAY,166,6,164340,80562,49,32599,2024-08-26
T1,TELEFERİK,0,0,0,0,0,32599,2024-08-26
M1-M2-M3,ÇAYYOLU (M2)-BATIKENT (M1)-SİNCAN (M3) METRO,309,28,497490,302763,61,32600,2024-08-27
M4,KEÇİÖREN METRO,210,6,338100,32668,10,32600,2024-08-27
A1,ANKARAY,164,6,162360,77702,48,32600,2024-08-27
T1,TELEFERİK,0,0,0,0,0,32600,2024-08-27
M1-M2-M3,ÇAYYOLU (M2)-BATIKENT (M1)-SİNCAN (M3) METRO,312,29,502320,307520,61,32604,2024-08-28
M4,KEÇİÖREN METRO,210,6,338100,33112,10,32604,2024-08-28
A1,ANKARAY,164,6,162360,77957,48,32604,2024-08-28
T1,TELEFERİK,0,0,0,0,0,32604,2024-08-28
M1-M2-M3,ÇAYYOLU (M2)-BATIKENT (M1)-SİNCAN (M3) METRO,311,28,500710,303599,61,32614,2024-08-29
M4,KEÇİÖREN METRO,210,6,338100,32162,10,32614,2024-08-29
A1,ANKARAY,164,6,162360,80246,49,32614,2024-08-29
T1,TELEFERİK,0,0,0,0,0,32614,2024-08-29
M1-M2-M3,ÇAYYOLU (M2)-BATIKENT (M1)-SİNCAN (M3) METRO,266,23,428260,207441,48,32615,2024-08-31
M4,KEÇİÖREN METRO,210,6,338100,23797,7,32615,2024-08-31
A1,ANKARAY,162,6,160380,58285,36,32615,2024-08-31
T1,TELEFERİK,0,0,0,0,0,32615,2024-08-31
M1-M2-M3,ÇAYYOLU (M2)-BATIKENT (M1)-SİNCAN (M3) METRO,228,20,367080,153489,42,32616,2024-09-01
M4,KEÇİÖREN METRO,192,6,309120,18520,6,32616,2024-09-01
A1,ANKARAY,135,5,133650,54070,40,32616,2024-09-01
T1,TELEFERİK,0,0,0,0,0,32616,2024-09-01
M1-M2-M3,ÇAYYOLU (M2)-BATIKENT (M1)-SİNCAN (M3) METRO,314,29,505540,317108,63,32622,2024-09-02
M4,KEÇİÖREN METRO,210,6,338100,34516,10,32622,2024-09-02
A1,ANKARAY,166,6,164340,87225,53,32622,2024-09-02
T1,TELEFERİK,0,0,0,0,0,32622,2024-09-02
M1-M2-M3,ÇAYYOLU (M2)-BATIKENT (M1)-SİNCAN (M3) METRO,309,29,497490,324472,65,32629,2024-09-03
M4,KEÇİÖREN METRO,210,6,338100,34780,10,32629,2024-09-03
A1,ANKARAY,166,6,164340,85428,52,32629,2024-09-03
T1,TELEFERİK,0,0,0,0,0,32629,2024-09-03
M1-M2-M3,ÇAYYOLU (M2)-BATIKENT (M1)-SİNCAN (M3) METRO,312,31,502320,325318,65,32630,2024-09-04
M4,KEÇİÖREN METRO,208,6,334880,35871,11,32630,2024-09-04
A1,ANKARAY,165,6,163350,85914,53,32630,2024-09-04
T1,TELEFERİK,0,0,0,0,0,32630,2024-09-04
M1-M2-M3,ÇAYYOLU (M2)-BATIKENT (M1)-SİNCAN (M3) METRO,313,30,503930,331478,66,32654,2024-09-05
M4,KEÇİÖREN METRO,210,6,338100,35757,11,32654,2024-09-05
A1,ANKARAY,164,6,162360,84970,52,32654,2024-09-05
M1-M2-M3,ÇAYYOLU (M2)-BATIKENT (M1)-SİNCAN (M3) METRO,310,29,499100,333056,67,32655,2024-09-06
M4,KEÇİÖREN METRO,210,6,338100,36255,11,32655,2024-09-06
A1,ANKARAY,166,6,164340,87365,53,32655,2024-09-06
M1-M2-M3,ÇAYYOLU (M2)-BATIKENT (M1)-SİNCAN (M3) METRO,267,22,429870,253930,59,32656,2024-09-07
M4,KEÇİÖREN METRO,210,6,338100,28184,8,32656,2024-09-07
A1,ANKARAY,162,6,160380,72630,45,32656,2024-09-07
M1-M2-M3,ÇAYYOLU (M2)-BATIKENT (M1)-SİNCAN (M3) METRO,234,20,376740,182579,48,32657,2024-09-08
M4,KEÇİÖREN METRO,188,5,302680,22636,7,32657,2024-09-08
A1,ANKARAY,135,5,133650,57587,43,32657,2024-09-08
M1-M2-M3,ÇAYYOLU (M2)-BATIKENT (M1)-SİNCAN (M3) METRO,333,35,536130,346031,65,32658,2024-09-09
M4,KEÇİÖREN METRO,214,6,344540,40897,12,32658,2024-09-09
A1,ANKARAY,195,8,193050,94052,49,32658,2024-09-09
M1-M2-M3,ÇAYYOLU (M2)-BATIKENT (M1)-SİNCAN (M3) METRO,329,35,529690,349620,66,32659,2024-09-10
M4,KEÇİÖREN METRO,210,6,338100,40486,12,32659,2024-09-10
A1,ANKARAY,197,8,195030,92627,47,32659,2024-09-10
M1-M2-M3,ÇAYYOLU (M2)-BATIKENT (M1)-SİNCAN (M3) METRO,328,34,528080,349405,66,32664,2024-09-11
M4,KEÇİÖREN METRO,208,6,334880,40187,12,32664,2024-09-11
A1,ANKARAY,195,8,193050,89837,47,32664,2024-09-11
M1-M2-M3,ÇAYYOLU (M2)-BATIKENT (M1)-S İNCAN (M3) METRO,328,35,528080,350286,66,32665,2024-09-12
M4,KEÇ İÖREN METRO,210,6,338100,39989,12,32665,2024-09-12
A1,ANKARAY,188,8,186120,90371,49,32665,2024-09-12
M1-M2-M3,ÇAYYOLU (M2)-BATIKENT (M1)-SİNCAN (M3) METRO,332,34,534520,359996,67,32676,2024-09-13
M4,KEÇİÖREN METRO,210,6,338100,41126,12,32676,2024-09-13
A1,ANKARAY,197,8,195030,94661,49,32676,2024-09-13
M1-M2-M3,ÇAYYOLU (M2)-BATIKENT (M1)-SİNCAN (M3) METRO,276,24,444360,261886,59,32677,2024-09-14
M4,KEÇİÖREN METRO,210,6,338100,29885,9,32677,2024-09-14
A1,ANKARAY,162,6,160380,73250,46,32677,2024-09-14
M1-M2-M3,ÇAYYOLU (M2)-BATIKENT (M1)-SİNCAN (M3) METRO,234,20,376740,197388,52,32678,2024-09-15
M4,KEÇİÖREN METRO,190,5,305900,25121,8,32678,2024-09-15
A1,ANKARAY,135,5,133650,67621,51,32678,2024-09-15
M1-M2-M3,ÇAYYOLU (M2)-BATIKENT (M1)-SİNCAN (M3) METRO,314,34,505540,376943,75,32680,2024-09-16
M4,KEÇİÖREN METRO,210,6,338100,43503,13,32680,2024-09-16
A1,ANKARAY,197,8,195030,111149,57,32680,2024-09-16
M1-M2-M3,ÇAYYOLU (M2)-BATIKENT (M1)-SİNCAN (M3) METRO,333,35,536130,380498,71,32681,2024-09-17
M4,KEÇİÖREN METRO,208,6,334880,43603,13,32681,2024-09-17
A1,ANKARAY,195,8,193050,109299,57,32681,2024-09-17
M1-M2-M3,ÇAYYOLU (M2)-BATIKENT (M1)-SİNCAN (M3) METRO,329,34,529690,379795,72,32687,2024-09-18
M4,KEÇİÖREN METRO,210,6,338100,44345,13,32687,2024-09-18
A1,ANKARAY,187,8,185130,110878,60,32687,2024-09-18
M1-M2-M3,ÇAYYOLU (M2)-BATIKENT (M1)-SİNCAN (M3) METRO,335,34,539350,378349,70,32688,2024-09-19
M4,KEÇİÖREN METRO,210,6,338100,46393,14,32688,2024-09-19
A1,ANKARAY,190,8,188100,111975,60,32688,2024-09-19
M1-M2-M3,ÇAYYOLU (M2)-BATIKENT (M1)-SİNCAN (M3) METRO,331,34,532910,391920,74,32699,2024-09-20
M4,KEÇİÖREN METRO,210,6,338100,46456,14,32699,2024-09-20
A1,ANKARAY,194,8,192060,120875,63,32699,2024-09-20
M1-M2-M3,ÇAYYOLU (M2)-BATIKENT (M1)-SİNCAN (M3) METRO,273,25,439530,299363,68,32700,2024-09-21
M4,KEÇİÖREN METRO,212,6,341320,33037,10,32700,2024-09-21
A1,ANKARAY,159,6,157410,95633,61,32700,2024-09-21
M1-M2-M3,ÇAYYOLU (M2)-BATIKENT (M1)-SİNCAN (M3) METRO,236,20,379960,216276,57,32701,2024-09-22
M4,KEÇİÖREN METRO,190,5,305900,26013,9,32701,2024-09-22
A1,ANKARAY,135,5,133650,81300,61,32701,2024-09-22
M1-M2-M3,ÇAYYOLU (M2)-BATIKENT (M1)-SİNCAN (M3) METRO,332,34,534520,414148,77,32702,2024-09-23
M4,KEÇİÖREN METRO,210,6,338100,50952,15,32702,2024-09-23
A1,ANKARAY,197,8,195030,143278,73,32702,2024-09-23
M1-M2-M3,ÇAYYOLU (M2)-BATIKENT (M1)-SİNCAN (M3) METRO,332,35,534520,417764,78,32741,2024-09-24
M4,KEÇİÖREN METRO,210,6,338100,51044,15,32741,2024-09-24
A1,ANKARAY,197,8,195030,142245,73,32741,2024-09-24
M1-M2-M3,ÇAYYOLU (M2)-BATIKENT (M1)-SİNCAN (M3) METRO,315,36,507150,421732,83,32742,2024-09-25
M4,KEÇİÖREN METRO,210,6,338100,51379,15,32742,2024-09-25
A1,ANKARAY,193,8,191070,139975,73,32742,2024-09-25
M1-M2-M3,ÇAYYOLU (M2)-BATIKENT (M1)-SİNCAN (M3) METRO,337,36,542570,427899,79,32743,2024-09-26
M4,KEÇİÖREN METRO,116,7,186760,52543,28,32743,2024-09-26
A1,ANKARAY,192,8,190080,139902,74,32743,2024-09-26
M1-M2-M3,ÇAYYOLU (M2)-BATIKENT (M1)-SİNCAN (M3) METRO,318,36,511980,425564,83,32744,2024-09-27
M4,KEÇİÖREN METRO,226,7,363860,52121,14,32744,2024-09-27
A1,ANKARAY,191,8,189090,143222,76,32744,2024-09-27
M1-M2-M3,ÇAYYOLU (M2)-BATIKENT (M1)-SİNCAN (M3) METRO,288,26,463680,326151,70,32745,2024-09-28
M4,KEÇİÖREN METRO,212,6,341320,36237,11,32745,2024-09-28
A1,ANKARAY,162,6,160380,99747,62,32745,2024-09-28
M1-M2-M3,ÇAYYOLU (M2)-BATIKENT (M1)-SİNCAN (M3) METRO,252,22,405720,234643,58,32746,2024-09-29
M4,KEÇİÖREN METRO,190,5,305900,28513,9,32746,2024-09-29
A1,ANKARAY,135,5,133650,86966,65,32746,2024-09-29
M1-M2-M3,ÇAYYOLU (M2)-BATIKENT (M1)-SİNCAN (M3) METRO,343,37,552230,405105,73,32752,2024-09-30
M4,KEÇİÖREN METRO,228,7,367080,53546,15,32752,2024-09-30
A1,ANKARAY,190,8,188100,143635,76,32752,2024-09-30
M1-M2-M3,ÇAYYOLU (M2)-BATIKENT (M1)-SİNCAN (M3) METRO,341,36,549010,415522,76,32753,2024-10-01
M4,KEÇİÖREN METRO,228,7,367080,54188,15,32753,2024-10-01
A1,ANKARAY,195,8,193050,142476,74,32753,2024-10-01
T1,TELEFERİK,0,0,0,0,0,32753,2024-10-01
M1-M2-M3,ÇAYYOLU (M2)-BATIKENT (M1)-SİNCAN (M3) METRO,337,37,542570,419224,77,32768,2024-10-02
M4,KEÇİÖREN METRO,234,7,376740,53903,14,32768,2024-10-02
A1,ANKARAY,196,8,194040,143304,74,32768,2024-10-02
T1,TELEFERİK,0,0,0,0,0,32768,2024-10-02
M1-M2-M3,ÇAYYOLU (M2)-BATIKENT (M1)-SİNCAN (M3) METRO,333,37,536130,424340,79,32769,2024-10-03
M4,KEÇİÖREN METRO,226,7,363860,54071,15,32769,2024-10-03
A1,ANKARAY,185,8,183150,147396,80,32769,2024-10-03
T1,TELEFERİK,0,0,0,0,0,32769,2024-10-03
M1-M2-M3,ÇAYYOLU (M2)-BATIKENT (M1)-SİNCAN (M3) METRO,338,36,544180,433163,80,32773,2024-10-04
M4,KEÇİÖREN METRO,228,7,367080,54929,15,32773,2024-10-04
A1,ANKARAY,191,8,189090,146451,77,32773,2024-10-04
T1,TELEFERİK,0,0,0,0,0,32773,2024-10-04
M1-M2-M3,ÇAYYOLU (M2)-BATIKENT (M1)-SİNCAN (M3) METRO,278,28,447580,325892,73,32774,2024-10-05
M4,KEÇİÖREN METRO,210,6,338100,36254,11,32774,2024-10-05
A1,ANKARAY,161,6,159390,108872,68,32774,2024-10-05
T1,TELEFERİK,0,0,0,0,0,32774,2024-10-05
M1-M2-M3,ÇAYYOLU (M2)-BATIKENT (M1)-SİNCAN (M3) METRO,252,24,405720,232001,57,32775,2024-10-06
M4,KEÇİÖREN METRO,190,5,305900,31527,10,32775,2024-10-06
A1,ANKARAY,135,5,133650,98279,74,32775,2024-10-06
T1,TELEFERİK,0,0,0,0,0,32775,2024-10-06
M1-M2-M3,ÇAYYOLU (M2)-BATIKENT (M1)-SİNCAN (M3) METRO,334,37,537740,419429,78,32777,2024-10-07
M4,KEÇİÖREN METRO,224,7,360640,55301,15,32777,2024-10-07
A1,ANKARAY,197,8,195030,147054,75,32777,2024-10-07
T1,TELEFERİK,0,0,0,0,0,32777,2024-10-07
M1-M2-M3,ÇAYYOLU (M2)-BATIKENT (M1)-SİNCAN (M3) METRO,328,36,528080,422785,80,32784,2024-10-08
M4,KEÇİÖREN METRO,228,7,367080,55889,15,32784,2024-10-08
A1,ANKARAY,196,8,194040,145154,75,32784,2024-10-08
M1-M2-M3,ÇAYYOLU (M2)-BATIKENT (M1)-SİNCAN (M3) METRO,340,36,547400,423320,77,32794,2024-10-09
M4,KEÇİÖREN METRO,230,7,370300,56155,15,32794,2024-10-09
A1,ANKARAY,197,8,195030,145366,75,32794,2024-10-09
M1-M2-M3,ÇAYYOLU (M2)-BATIKENT (M1)-SİNCAN (M3) METRO,339,36,545790,422950,77,32795,2024-10-10
M4,KEÇİÖREN METRO,226,7,363860,55066,15,32795,2024-10-10
A1,ANKARAY,197,8,195030,142417,73,32795,2024-10-10
M1-M2-M3,ÇAYYOLU (M2)-BATIKENT (M1)-SİNCAN (M3) METRO,342,36,550620,430064,78,32799,2024-10-11
M4,KEÇİÖREN METRO,228,7,367080,54697,15,32799,2024-10-11
A1,ANKARAY,195,8,193050,147597,76,32799,2024-10-11
M1-M2-M3,ÇAYYOLU (M2)-BATIKENT (M1)-SİNCAN (M3) METRO,285,27,458850,314692,69,32800,2024-10-12
M4,KEÇİÖREN METRO,208,6,334880,35789,11,32800,2024-10-12
A1,ANKARAY,162,6,160380,104158,65,32800,2024-10-12
M1-M2-M3,ÇAYYOLU (M2)-BATIKENT (M1)-SİNCAN (M3) METRO,254,23,408940,235623,58,32801,2024-10-13
M4,KEÇİÖREN METRO,190,5,305900,28836,9,32801,2024-10-13
A1,ANKARAY,135,5,133650,89672,67,32801,2024-10-13
M1-M2-M3,ÇAYYOLU (M2)-BATIKENT (M1)-SİNCAN (M3) METRO,338,36,544180,422414,78,32803,2024-10-14
M4,KEÇİÖREN METRO,226,7,363860,56802,16,32803,2024-10-14
A1,ANKARAY,197,8,195030,147770,76,32803,2024-10-14
M1-M2-M3,ÇAYYOLU (M2)-BATIKENT (M1)-SİNCAN (M3) METRO,342,37,550620,428817,78,32812,2024-10-15
M4,KEÇİÖREN METRO,228,7,367080,56237,15,32812,2024-10-15
A1,ANKARAY,186,8,184140,146523,80,32812,2024-10-15
M1-M2-M3,ÇAYYOLU (M2)-BATIKENT (M1)-SİNCAN (M3) METRO,335,36,539350,432169,80,32813,2024-10-16
M4,KEÇİÖREN METRO,226,7,363860,56390,15,32813,2024-10-16
A1,ANKARAY,194,8,192060,147678,77,32813,2024-10-16
M1-M2-M3,ÇAYYOLU (M2)-BATIKENT (M1)-SİNCAN (M3) METRO,340,37,547400,423253,77,32814,2024-10-17
M4,KEÇİÖREN METRO,224,7,360640,54684,15,32814,2024-10-17
A1,ANKARAY,191,8,189090,144767,77,32814,2024-10-17
M1-M2-M3,ÇAYYOLU (M2)-BATIKENT (M1)-SİNCAN (M3) METRO,336,36,540960,431874,80,32817,2024-10-18
M4,KEÇİÖREN METRO,228,7,367080,54794,15,32817,2024-10-18
A1,ANKARAY,187,8,185130,144421,78,32817,2024-10-18
M1-M2-M3,ÇAYYOLU (M2)-BATIKENT (M1)-SİNCAN (M3) METRO,288,27,463680,324674,70,32818,2024-10-19
M4,KEÇİÖREN METRO,206,6,331660,34982,11,32818,2024-10-19
A1,ANKARAY,140,6,138600,108850,79,32818,2024-10-19
M1-M2-M3,ÇAYYOLU (M2)-BATIKENT (M1)-SİNCAN (M3) METRO,254,24,408940,233355,57,32819,2024-10-20
M4,KEÇİÖREN METRO,188,5,302680,27349,9,32819,2024-10-20
A1,ANKARAY,135,5,133650,89870,67,32819,2024-10-20
M1-M2-M3,ÇAYYOLU (M2)-BATIKENT (M1)-SİNCAN (M3) METRO,335,36,539350,420941,78,32820,2024-10-21
M4,KEÇİÖREN METRO,228,7,367080,56016,15,32820,2024-10-21
A1,ANKARAY,196,8,194040,146485,75,32820,2024-10-21
M1-M2-M3,ÇAYYOLU (M2)-BATIKENT (M1)-SİNCAN (M3) METRO,338,36,544180,423768,78,32824,2024-10-22
M4,KEÇİÖREN METRO,228,7,367080,56023,15,32824,2024-10-22
A1,ANKARAY,196,8,194040,144011,74,32824,2024-10-22
M1-M2-M3,ÇAYYOLU (M2)-BATIKENT (M1)-SİNCAN (M3) METRO,344,37,553840,421791,76,32826,2024-10-23
M4,KEÇİÖREN METRO,228,7,367080,55230,15,32826,2024-10-23
A1,ANKARAY,182,8,180180,143368,80,32826,2024-10-23
M1-M2-M3,ÇAYYOLU (M2)-BATIKENT (M1)-SİNCAN (M3) METRO,338,38,544180,411221,76,32829,2024-10-24
M4,KEÇİÖREN METRO,222,7,357420,53899,15,32829,2024-10-24
A1,ANKARAY,187,8,185130,141534,76,32829,2024-10-24
M1-M2-M3,ÇAYYOLU (M2)-BATIKENT (M1)-SİNCAN (M3) METRO,337,38,542570,420800,78,32830,2024-10-25
M4,KEÇİÖREN METRO,228,7,367080,53693,15,32830,2024-10-25
A1,ANKARAY,186,8,184140,144621,79,32830,2024-10-25
M1-M2-M3,ÇAYYOLU (M2)-BATIKENT (M1)-SİNCAN (M3) METRO,289,26,465290,292441,63,32831,2024-10-26
M4,KEÇİÖREN METRO,206,6,331660,34027,10,32831,2024-10-26
A1,ANKARAY,149,6,147510,95545,65,32831,2024-10-26
M1-M2-M3,ÇAYYOLU (M2)-BATIKENT (M1)-SİNCAN (M3) METRO,252,24,405720,208706,51,32832,2024-10-27
M4,KEÇİÖREN METRO,188,5,302680,25563,8,32832,2024-10-27
A1,ANKARAY,135,5,133650,71392,53,32832,2024-10-27
M1-M2-M3,ÇAYYOLU (M2)-BATIKENT (M1)-SİNCAN (M3) METRO,315,32,507150,350830,69,32834,2024-10-28
M4,KEÇİÖREN METRO,218,7,350980,42685,12,32834,2024-10-28
A1,ANKARAY,185,8,183150,106403,58,32834,2024-10-28
M1-M2-M3,ÇAYYOLU (M2)-BATIKENT (M1)-SİNCAN (M3) METRO,334,36,537740,413345,77,32835,2024-10-30
M4,KEÇİÖREN METRO,228,7,367080,54961,15,32835,2024-10-30
A1,ANKARAY,196,8,194040,142402,73,32835,2024-10-30
M1-M2-M3,ÇAYYOLU (M2)-BATIKENT (M1)-SİNCAN (M3) METRO,341,36,549010,413721,75,32845,2024-10-31
M4,KEÇİÖREN METRO,232,7,373520,55053,15,32845,2024-10-31
A1,ANKARAY,189,8,187110,135785,73,32845,2024-10-31
M1-M2-M3,ÇAYYOLU (M2)-BATIKENT (M1)-SİNCAN (M3) METRO,343,36,552230,423835,77,32846,2024-11-01
M4,KEÇİÖREN METRO,228,7,367080,53656,15,32846,2024-11-01
A1,ANKARAY,196,8,194040,136412,70,32846,2024-11-01
M1-M2-M3,ÇAYYOLU (M2)-BATIKENT (M1)-SİNCAN (M3) METRO,296,27,476560,303667,64,32847,2024-11-02
M4,KEÇİÖREN METRO,208,6,334880,33395,10,32847,2024-11-02
A1,ANKARAY,162,6,160380,96614,60,32847,2024-11-02
M1-M2-M3,ÇAYYOLU (M2)-BATIKENT (M1)-SİNCAN (M3) METRO,252,23,405720,206169,51,32848,2024-11-03
M4,KEÇİÖREN METRO,188,5,302680,26004,9,32848,2024-11-03
A1,ANKARAY,135,5,133650,81365,61,32848,2024-11-03
M1-M2-M3,ÇAYYOLU (M2)-BATIKENT (M1)-SİNCAN (M3) METRO,341,38,549010,419203,76,32849,2024-11-04
M4,KEÇİÖREN METRO,228,7,367080,56421,15,32849,2024-11-04
A1,ANKARAY,188,8,186120,141815,76,32849,2024-11-04
M1-M2-M3,ÇAYYOLU (M2)-BATIKENT (M1)-SİNCAN (M3) METRO,339,38,545790,419960,77,32850,2024-11-05
M4,KEÇİÖREN METRO,228,7,367080,56167,15,32850,2024-11-05
A1,ANKARAY,197,8,195030,140083,72,32850,2024-11-05
M1-M2-M3,ÇAYYOLU (M2)-BATIKENT (M1)-SİNCAN (M3) METRO,341,38,549010,418423,76,32863,2024-11-06
M4,KEÇİÖREN METRO,228,7,367080,56203,15,32863,2024-11-06
A1,ANKARAY,195,8,193050,143396,74,32863,2024-11-06
M1-M2-M3,ÇAYYOLU (M2)-BATIKENT (M1)-SİNCAN (M3) METRO,335,39,539350,425402,79,32878,2024-11-07
M4,KEÇİÖREN METRO,228,7,367080,55831,15,32878,2024-11-07
A1,ANKARAY,186,8,184140,137461,75,32878,2024-11-07
M1-M2-M3,ÇAYYOLU (M2)-BATIKENT (M1)-SİNCAN (M3) METRO,339,39,545790,433519,79,32880,2024-11-08
M4,KEÇİÖREN METRO,228,7,367080,55829,15,32880,2024-11-08
A1,ANKARAY,188,8,186120,149526,80,32880,2024-11-08
M1-M2-M3,ÇAYYOLU (M2)-BATIKENT (M1)-SİNCAN (M3) METRO,298,27,479780,311708,65,32881,2024-11-09
M4,KEÇİÖREN METRO,208,6,334880,35358,11,32881,2024-11-09
A1,ANKARAY,146,6,144540,97937,68,32881,2024-11-09
M1-M2-M3,ÇAYYOLU (M2)-BATIKENT (M1)-SİNCAN (M3) METRO,300,27,483000,231449,48,32882,2024-11-10
M4,KEÇİÖREN METRO,196,5,315560,28675,9,32882,2024-11-10
A1,ANKARAY,187,8,185130,121414,66,32882,2024-11-10
M1-M2-M3,ÇAYYOLU (M2)-BATIKENT (M1)-SİNCAN (M3) METRO,338,38,544180,402334,74,32884,2024-11-11
M4,KEÇİÖREN METRO,228,7,367080,52402,14,32884,2024-11-11
A1,ANKARAY,189,8,187110,140938,75,32884,2024-11-11
M1-M2-M3,ÇAYYOLU (M2)-BATIKENT (M1)-SİNCAN (M3) METRO,342,37,550620,404291,73,32887,2024-11-12
M4,KEÇİÖREN METRO,228,7,367080,52523,14,32887,2024-11-12
A1,ANKARAY,191,8,189090,135827,72,32887,2024-11-12
M1-M2-M3,ÇAYYOLU (M2)-BATIKENT (M1)-SİNCAN (M3) METRO,347,37,558670,402475,72,32888,2024-11-13
M4,KEÇİÖREN METRO,226,7,363860,51961,14,32888,2024-11-13
A1,ANKARAY,169,8,167310,135201,81,32888,2024-11-13
M1-M2-M3,ÇAYYOLU (M2)-BATIKENT (M1)-SİNCAN (M3) METRO,332,39,534520,404776,76,32889,2024-11-14
M4,KEÇİÖREN METRO,234,7,376740,51046,14,32889,2024-11-14
A1,ANKARAY,191,8,189090,134504,71,32889,2024-11-14
M1-M2-M3,ÇAYYOLU (M2)-BATIKENT (M1)-SİNCAN (M3) METRO,342,40,550620,411840,75,32890,2024-11-15
M4,KEÇİÖREN METRO,228,7,367080,49920,14,32890,2024-11-15
A1,ANKARAY,182,8,180180,146696,81,32890,2024-11-15
M1-M2-M3,ÇAYYOLU (M2)-BATIKENT (M1)-SİNCAN (M3) METRO,296,28,476560,303002,64,32891,2024-11-16
M4,KEÇİÖREN METRO,206,6,331660,34463,10,32891,2024-11-16
A1,ANKARAY,162,6,160380,104930,65,32891,2024-11-16
M1-M2-M3,ÇAYYOLU (M2)-BATIKENT (M1)-SİNCAN (M3) METRO,252,22,405720,218915,54,32892,2024-11-17
M4,KEÇİÖREN METRO,188,5,302680,27458,9,32892,2024-11-17
A1,ANKARAY,135,5,133650,87686,66,32892,2024-11-17
