hat_no,avg_yolcu,avg_doluluk,avg_sefer,mod,normalized_yolcu,percentile,category
A1,105977.68253968254,61.12380952380953,173.53650793650795,Metro,6.956839368509533,99.81981981981983,Çok Yoğun (>95%)
M1-M2-M3,331525.56050955417,63.5796178343949,319.96178343949043,Metro,22.08579330571858,100.0,Çok Yoğun (>95%)
M4,39691.0,11.234920634920634,218.2920634920635,Metro,2.5105631462734044,99.63963963963964,Çok Yoğun (>95%)
T1,2256.810483870968,36.931451612903224,31.0,Metro,-0.0003898893473553538,77.65765765765765,Yoğun (75-95%)
T1TELEFERİK,0.0,0.0,0.0,Metro,-0.1517687547253534,0.18018018018018017,Çok Az (<25%)
101,392.482905982906,22.055555555555557,11.081196581196581,Otobüs,-0.1254423895243006,43.6036036036036,Az (25-50%)
101-1,71.64634146341463,53.670731707317074,2.0060975609756095,Otobüs,-0.14696297153853777,14.414414414414415,Çok Az (<25%)
102-1,69.8108108108108,52.57657657657658,0.9369369369369369,Otobüs,-0.1470860924428155,13.693693693693692,Çok Az (<25%)
102-2,63.0990990990991,67.93693693693693,0.9279279279279279,Otobüs,-0.14753629032647672,11.891891891891893,Çok Az (<25%)
103-1,546.1531531531532,67.63063063063063,7.261261261261262,Otobüs,-0.11513473284455673,51.53153153153153,Orta (50-75%)
103-2,494.4817073170732,72.65853658536585,7.597560975609756,Otobüs,-0.1186006706798374,49.90990990990991,Az (25-50%)
104-1,2312.0853658536585,62.24390243902439,30.54268292682927,Otobüs,0.0033177542400185797,78.1981981981982,Yoğun (75-95%)
104-2,3377.059633027523,63.93119266055046,42.00917431192661,Otobüs,0.07475246148447585,85.76576576576576,Yoğun (75-95%)
105-1,2504.5304878048782,63.28048780487805,31.701219512195124,Otobüs,0.01622629238121756,80.18018018018019,Yoğun (75-95%)
105-2,4264.756097560976,65.09756097560975,52.51219512195122,Otobüs,0.13429600072337697,90.990990990991,Yoğun (75-95%)
106-3,1654.517094017094,47.99145299145299,23.833333333333332,Otobüs,-0.040789599749427606,71.17117117117117,Orta (50-75%)
106-4,2019.923076923077,52.48290598290598,28.811965811965813,Otobüs,-0.016279458782800283,75.31531531531532,Yoğun (75-95%)
107-6,161.64102564102564,40.67948717948718,4.9743589743589745,Otobüs,-0.1409264464168134,29.009009009009006,Az (25-50%)
108,191.73504273504273,21.423076923076923,6.401709401709402,Otobüs,-0.13890784618656965,32.79279279279279,Az (25-50%)
109-1,120.5670731707317,44.6219512195122,4.121951219512195,Otobüs,-0.1436815418782976,24.864864864864867,Çok Az (<25%)
109-2,115.38414634146342,40.61585365853659,4.182926829268292,Otobüs,-0.14402919427904598,23.243243243243246,Çok Az (<25%)
110,13.0,17.153846153846153,1.0,Otobüs,-0.1508967607037116,1.2612612612612613,Çok Az (<25%)
111,2828.6837606837607,76.98717948717949,51.94017094017094,Otobüs,0.03796934746167923,83.24324324324324,Yoğun (75-95%)
112-1,1171.8760683760684,54.94871794871795,29.384615384615383,Otobüs,-0.07316345274619922,64.6846846846847,Orta (50-75%)
112-2,1137.0299145299145,51.55128205128205,30.58974358974359,Otobüs,-0.07550080950243428,64.14414414414415,Orta (50-75%)
113,261.94871794871796,9.252136752136753,19.012820512820515,Otobüs,-0.13419816118473718,36.75675675675676,Az (25-50%)
114,1197.5045871559632,26.84862385321101,20.220183486238533,Otobüs,-0.07144438234930672,65.04504504504504,Orta (50-75%)
114-1,2763.4864864864867,75.72972972972973,28.054054054054053,Otobüs,0.03359614489803594,82.70270270270271,Yoğun (75-95%)
114-2,1549.9329268292684,76.21341463414635,17.975609756097562,Otobüs,-0.047804735791440546,69.54954954954955,Orta (50-75%)
115,815.969512195122,25.945121951219512,14.731707317073171,Otobüs,-0.09703640576565299,56.93693693693693,Orta (50-75%)
115-1,1823.036036036036,62.57657657657658,22.72972972972973,Otobüs,-0.02948594513604953,73.15315315315316,Orta (50-75%)
115-2,1007.9146341463414,56.76219512195122,14.701219512195122,Otobüs,-0.08416140585605564,60.9009009009009,Orta (50-75%)
117-1,367.030487804878,35.823170731707314,12.274390243902438,Otobüs,-0.12714964771565188,42.52252252252252,Az (25-50%)
117-2,420.0060975609756,40.646341463414636,12.384146341463415,Otobüs,-0.12359623117717919,45.40540540540541,Az (25-50%)
118-1,41.6890243902439,30.140243902439025,1.0182926829268293,Otobüs,-0.14897240241486331,6.666666666666667,Çok Az (<25%)
118-2,64.2439024390244,48.359756097560975,0.9634146341463414,Otobüs,-0.14745950096737132,12.252252252252251,Çok Az (<25%)
130,13686.09677419355,80.7741935483871,136.03225806451613,Otobüs,0.7662462119444629,99.27927927927928,Çok Yoğun (>95%)
131-1,1612.6965811965813,26.465811965811966,34.743589743589745,Otobüs,-0.04359477183877226,70.63063063063063,Orta (50-75%)
131-2,2124.1666666666665,60.0940170940171,36.705128205128204,Otobüs,-0.009287167471193482,76.03603603603604,Yoğun (75-95%)
132,1031.4782608695652,54.17934782608695,24.494565217391305,Otobüs,-0.08258084111522106,61.98198198198198,Orta (50-75%)
133,85.4920634920635,15.984126984126984,3.6904761904761907,Otobüs,-0.14603424947436117,16.576576576576578,Çok Az (<25%)
134,1596.121951219512,77.32317073170732,29.451219512195124,Otobüs,-0.04470653939653602,70.27027027027027,Orta (50-75%)
135-1,857.079268292683,71.10365853658537,10.817073170731707,Otobüs,-0.09427890872348185,57.83783783783784,Orta (50-75%)
135-2,1009.8536585365854,71.5548780487805,11.725609756097562,Otobüs,-0.0840313429578933,61.08108108108108,Orta (50-75%)
136,1530.8760683760684,69.40598290598291,32.256410256410255,Otobüs,-0.04908300245624547,68.82882882882882,Orta (50-75%)
137,43.01219512195122,15.170731707317072,1.951219512195122,Otobüs,-0.14888364880196636,7.027027027027027,Çok Az (<25%)
140,28.433333333333334,10.822222222222223,1.0555555555555556,Otobüs,-0.14986154728827533,4.324324324324325,Çok Az (<25%)
141,23.85820895522388,21.888059701492537,1.8656716417910448,Otobüs,-0.15016843045027373,2.8828828828828827,Çok Az (<25%)
142,31.40888888888889,14.293333333333333,1.9777777777777779,Otobüs,-0.149661957545544,4.684684684684685,Çok Az (<25%)
143,446.8719512195122,28.109756097560975,11.390243902439025,Otobüs,-0.12179416473282945,47.56756756756757,Az (25-50%)
144,41.63414634146341,14.24390243902439,2.042682926829268,Otobüs,-0.148976083440283,6.306306306306306,Çok Az (<25%)
145-1,1043.3974358974358,58.62820512820513,21.44017094017094,Otobüs,-0.08178134501005144,62.34234234234234,Orta (50-75%)
145-2,1585.41452991453,70.91025641025641,26.84188034188034,Otobüs,-0.045424755347700956,70.09009009009009,Orta (50-75%)
146,53.07960199004975,19.119402985074625,1.9850746268656716,Otobüs,-0.14820836275562657,9.18918918918919,Çok Az (<25%)
147,170.19230769230768,27.923076923076923,4.3247863247863245,Otobüs,-0.14035285666096028,29.90990990990991,Az (25-50%)
148,57.97008547008547,20.666666666666668,2.0042735042735043,Otobüs,-0.14788032642043203,10.63063063063063,Çok Az (<25%)
149,103.53846153846153,20.82051282051282,3.594017094017094,Otobüs,-0.1448237609198514,20.54054054054054,Çok Az (<25%)
150-1,442.94017094017096,40.53846153846154,14.884615384615385,Otobüs,-0.12205789464805979,47.387387387387385,Az (25-50%)
150-2,407.0726495726496,34.072649572649574,16.55128205128205,Otobüs,-0.12446376112525881,44.86486486486487,Az (25-50%)
151,232.97008547008548,27.15811965811966,6.17948717948718,Otobüs,-0.13614194535986962,35.31531531531532,Az (25-50%)
151-2,119.96153846153847,34.85042735042735,2.3803418803418803,Otobüs,-0.14372215900493707,24.504504504504503,Çok Az (<25%)
151-4,65.58974358974359,30.427350427350426,1.4444444444444444,Otobüs,-0.14736922670294772,12.432432432432433,Çok Az (<25%)
151-5,54.29059829059829,37.666666666666664,1.017094017094017,Otobüs,-0.14812713340683362,9.54954954954955,Çok Az (<25%)
151-6,66.47435897435898,28.358974358974358,1.688034188034188,Otobüs,-0.14730988983165258,12.792792792792792,Çok Az (<25%)
153,1609.1709401709402,34.833333333333336,22.858974358974358,Otobüs,-0.04383125936929641,70.45045045045045,Orta (50-75%)
154-1,756.1367521367522,51.35470085470085,20.021367521367523,Otobüs,-0.10104977569405496,55.67567567567567,Orta (50-75%)
154-2,830.0769230769231,57.072649572649574,19.982905982905983,Otobüs,-0.09609013053874725,57.47747747747748,Orta (50-75%)
155-1,244.64102564102564,27.764957264957264,10.88034188034188,Otobüs,-0.13535909997094664,35.67567567567568,Az (25-50%)
155-2,433.65811965811963,46.99145299145299,11.525641025641026,Otobüs,-0.12268050181933064,46.846846846846844,Az (25-50%)
155-6,56.18803418803419,18.918803418803417,4.816239316239316,Otobüs,-0.1479998601176788,9.90990990990991,Çok Az (<25%)
157,484.04700854700855,21.876068376068375,15.709401709401709,Otobüs,-0.11930059336792427,49.18918918918919,Az (25-50%)
158,110.88888888888889,22.39316239316239,3.371794871794872,Otobüs,-0.1443307202501526,22.34234234234234,Çok Az (<25%)
160,2693.5641025641025,47.99145299145299,39.363247863247864,Otobüs,0.028905998685785157,81.98198198198197,Yoğun (75-95%)
163-1,33.0,19.3,1.35,Otobüs,-0.14955523143964733,5.045045045045045,Çok Az (<25%)
163-2,94.25,75.2,1.85,Otobüs,-0.14544679806845048,18.55855855855856,Çok Az (<25%)
165-1,189.87301587301587,79.83333333333333,3.0714285714285716,Otobüs,-0.1390327443628638,32.25225225225225,Az (25-50%)
165-2,188.4126984126984,74.22222222222223,2.9365079365079363,Otobüs,-0.1391306972932558,31.71171171171171,Az (25-50%)
167,485.53418803418805,16.02991452991453,22.358974358974358,Otobüs,-0.1192008386277759,49.36936936936937,Az (25-50%)
171,323.9188034188034,21.354700854700855,20.47008547008547,Otobüs,-0.13004142702700297,39.45945945945946,Az (25-50%)
173-1,1908.7564102564102,64.74786324786325,35.85897435897436,Otobüs,-0.023736125608890886,74.5945945945946,Orta (50-75%)
173-2,1987.8162393162393,61.4059829059829,37.9059829059829,Otobüs,-0.018433071894106888,74.95495495495496,Orta (50-75%)
174,2577.2903225806454,21.29032258064516,43.29032258064516,Otobüs,0.021106764761226214,80.9009009009009,Yoğun (75-95%)
175,1689.2692307692307,45.05555555555556,24.662393162393162,Otobüs,-0.03845854932733985,72.25225225225225,Orta (50-75%)
176,485.94017094017096,44.5,15.47008547008547,Otobüs,-0.1191736067303216,49.549549549549546,Az (25-50%)
177,141.93589743589743,23.205128205128204,4.243589743589744,Otobüs,-0.14224819672377928,27.387387387387385,Az (25-50%)
178,183.991452991453,32.004273504273506,3.2777777777777777,Otobüs,-0.13942725879906634,31.351351351351354,Az (25-50%)
178-1,94.82478632478633,30.73931623931624,2.0811965811965814,Otobüs,-0.14540824343468625,18.73873873873874,Çok Az (<25%)
179,66.51282051282051,11.551282051282051,3.9615384615384617,Otobüs,-0.14730730996768324,12.972972972972974,Çok Az (<25%)
180,70.77777777777777,16.273504273504273,2.9786324786324787,Otobüs,-0.147021231718637,14.234234234234233,Çok Az (<25%)
182,122.27350427350427,29.82905982905983,2.8632478632478633,Otobüs,-0.14356708051522366,25.585585585585584,Az (25-50%)
183-1,3979.641025641026,52.82051282051282,62.13247863247863,Otobüs,0.11517149009305679,89.1891891891892,Yoğun (75-95%)
183-2,5120.068376068376,65.3931623931624,67.27350427350427,Otobüs,0.19166732329993552,93.51351351351352,Yoğun (75-95%)
183-6,67.00854700854701,21.692307692307693,4.846153846153846,Otobüs,-0.14727405838763377,13.153153153153152,Çok Az (<25%)
185-1,864.6452991452992,48.452991452991455,20.77777777777778,Otobüs,-0.09377140613340196,58.198198198198206,Orta (50-75%)
185-2,1569.965811965812,54.02136752136752,30.884615384615383,Otobüs,-0.04646100070872497,69.90990990990991,Orta (50-75%)
185-3,639.780487804878,62.43292682926829,10.585365853658537,Otobüs,-0.10885454237697532,55.13513513513514,Orta (50-75%)
185-6,53.94871794871795,18.094017094017094,4.777777777777778,Otobüs,-0.14815006553100565,9.36936936936937,Çok Az (<25%)
186-1,608.1158536585366,64.51829268292683,10.628048780487806,Otobüs,-0.11097849404413562,53.873873873873876,Orta (50-75%)
187-1,380.6585365853659,57.829268292682926,6.0060975609756095,Otobüs,-0.12623552640309588,43.06306306306306,Az (25-50%)
187-2,249.7037037037037,61.06172839506173,4.098765432098766,Otobüs,-0.1350195134321657,36.03603603603604,Az (25-50%)
190,1374.645299145299,46.48717948717949,21.034188034188034,Otobüs,-0.05956240989976295,66.84684684684684,Orta (50-75%)
191,781.7948717948718,42.965811965811966,12.948717948717949,Otobüs,-0.09932871977494344,56.03603603603604,Orta (50-75%)
192,983.9102564102565,55.85042735042735,11.35897435897436,Otobüs,-0.0857715346159862,60.54054054054055,Orta (50-75%)
192-1,492.1025641025641,56.31196581196581,5.119658119658119,Otobüs,-0.1187602551921206,49.72972972972973,Az (25-50%)
193,6594.183760683761,47.50854700854701,57.27350427350427,Otobüs,0.2905457696533807,96.21621621621622,Çok Yoğun (>95%)
194,470.8034188034188,43.705128205128204,7.3076923076923075,Otobüs,-0.12018892652803861,48.28828828828829,Az (25-50%)
195-1,4532.970085470086,77.63247863247864,44.64102564102564,Otobüs,0.1522868464139496,91.8918918918919,Yoğun (75-95%)
195-2,4776.34188034188,70.31623931623932,52.705128205128204,Otobüs,0.1686113656573676,92.7927927927928,Yoğun (75-95%)
196,335.7621951219512,36.22560975609756,5.609756097560975,Otobüs,-0.12924701419922555,40.0,Az (25-50%)
197,83.26923076923077,18.82905982905983,3.200854700854701,Otobüs,-0.14618334923170115,16.216216216216218,Çok Az (<25%)
198-1,47.36585365853659,66.78658536585365,1.0060975609756098,Otobüs,-0.14859162078533775,8.468468468468467,Çok Az (<25%)
198-2,70.21341463414635,98.51829268292683,1.0365853658536586,Otobüs,-0.14705908720227406,13.873873873873874,Çok Az (<25%)
201-6,18.918803418803417,7.410256410256411,1.9957264957264957,Otobüs,-0.1504997483039832,2.1621621621621623,Çok Az (<25%)
202,543.3076923076923,43.294871794871796,17.799145299145298,Otobüs,-0.11532559629425347,51.35135135135135,Orta (50-75%)
203,3570.9786324786323,36.547008547008545,41.27350427350427,Otobüs,0.08775986211556222,86.84684684684684,Yoğun (75-95%)
204,1872.8855721393036,40.398009950248756,20.65174129353234,Otobüs,-0.026142214561921423,73.87387387387388,Orta (50-75%)
205,802.4304347826087,48.33913043478261,23.46086956521739,Otobüs,-0.09794455919351891,56.3963963963964,Orta (50-75%)
206,1406.1239316239316,23.871794871794872,38.52136752136752,Otobüs,-0.05745093456662246,67.2072072072072,Orta (50-75%)
207,296.2073170731707,36.420731707317074,5.713414634146342,Otobüs,-0.13190021552117218,38.73873873873874,Az (25-50%)
208,4225.397435897436,43.91880341880342,57.85470085470085,Otobüs,0.13165596090257475,90.45045045045045,Yoğun (75-95%)
208-4,427.5365853658537,35.61585365853659,5.658536585365853,Otobüs,-0.12309111268903304,46.126126126126124,Az (25-50%)
209,264.95299145299145,24.931623931623932,14.337606837606838,Otobüs,-0.1339966451435754,37.11711711711712,Az (25-50%)
210,189.78205128205127,46.717948717948715,5.64957264957265,Otobüs,-0.13903884594590243,32.072072072072075,Az (25-50%)
211,1126.636815920398,45.21890547263681,34.51243781094527,Otobüs,-0.07619794179888288,63.96396396396396,Orta (50-75%)
211-2,1097.4242424242425,46.878787878787875,32.878787878787875,Otobüs,-0.07815741791006893,63.60360360360361,Orta (50-75%)
213,85.65671641791045,39.08457711442786,3.014925373134328,Otobüs,-0.1460232051384393,16.756756756756758,Çok Az (<25%)
214,1872.9700854700855,76.01709401709402,34.31623931623932,Otobüs,-0.02613654570659905,74.05405405405405,Orta (50-75%)
215,353.9188034188034,73.88034188034187,5.944444444444445,Otobüs,-0.12802913313090655,41.62162162162162,Az (25-50%)
216,1538.145299145299,61.26923076923077,34.72649572649573,Otobüs,-0.048595408166037496,69.1891891891892,Orta (50-75%)
216-2,193.51282051282053,38.217948717948715,7.358974358974359,Otobüs,-0.13878859914087507,33.33333333333333,Az (25-50%)
217,114.57264957264957,43.50854700854701,3.6709401709401708,Otobüs,-0.14408362661219887,23.063063063063062,Çok Az (<25%)
217-2,85.09452736318408,67.94029850746269,1.7313432835820894,Otobüs,-0.14606091479188188,16.396396396396394,Çok Az (<25%)
222,396.3292682926829,81.10975609756098,6.9573170731707314,Otobüs,-0.1251843891443626,43.96396396396396,Az (25-50%)
222-2,466.7743902439024,72.0670731707317,9.24390243902439,Otobüs,-0.12045917951395572,48.10810810810811,Az (25-50%)
225,437.76119402985074,85.66169154228855,3.626865671641791,Otobüs,-0.12240528210221518,47.02702702702703,Az (25-50%)
225-2,240.80099502487562,65.8905472636816,2.656716417910448,Otobüs,-0.13561667564327004,35.4954954954955,Az (25-50%)
226,957.6752136752136,43.60683760683761,15.136752136752136,Otobüs,-0.08753128849463804,60.18018018018017,Orta (50-75%)
226-2,439.4188034188034,47.636752136752136,5.794871794871795,Otobüs,-0.12229409552703178,47.207207207207205,Az (25-50%)
226-4,213.55609756097562,34.97073170731707,4.034146341463415,Otobüs,-0.13744416700548268,34.234234234234236,Az (25-50%)
226-6,221.95495495495496,56.4054054054054,1.8558558558558558,Otobüs,-0.13688080135654637,34.77477477477478,Az (25-50%)
227,2019.3974358974358,44.67948717948718,31.94871794871795,Otobüs,-0.0163147169237148,75.13513513513513,Yoğun (75-95%)
228-1,281.97297297297297,66.26126126126127,2.774774774774775,Otobüs,-0.13285500497943098,38.37837837837838,Az (25-50%)
228-2,266.56756756756755,62.306306306306304,2.7927927927927927,Otobüs,-0.13388834508823724,37.2972972972973,Az (25-50%)
232,1016.7735042735043,70.96581196581197,20.299145299145298,Otobüs,-0.08356718417994895,61.44144144144145,Orta (50-75%)
232-2,160.9390243902439,40.73780487804878,2.823170731707317,Otobüs,-0.14097353417788006,28.64864864864865,Az (25-50%)
233,96.77439024390245,17.134146341463413,4.054878048780488,Otobüs,-0.1452774708991448,19.81981981981982,Çok Az (<25%)
234,2173.587064676617,52.507462686567166,35.42786069651741,Otobüs,-0.005972221962590857,77.11711711711712,Yoğun (75-95%)
236,358.29353233830847,64.49253731343283,6.482587064676617,Otobüs,-0.12773569178751334,41.98198198198198,Az (25-50%)
236-2,189.56204379562044,26.642335766423358,4.890510948905109,Otobüs,-0.13905360326997046,31.891891891891895,Az (25-50%)
237,1046.6467661691543,48.233830845771145,19.736318407960198,Otobüs,-0.08156339142764542,62.52252252252253,Orta (50-75%)
238,32.055,9.09,5.0,Otobüs,-0.1496186186973744,4.864864864864865,Çok Az (<25%)
240,1846.9273504273503,62.162393162393165,41.876068376068375,Otobüs,-0.027883400265404118,73.51351351351352,Orta (50-75%)
241,1012.6495726495726,63.22222222222222,22.564102564102566,Otobüs,-0.08384380292777417,61.261261261261254,Orta (50-75%)
242,347.1752136752137,25.64957264957265,19.034188034188034,Otobüs,-0.12848146928020004,41.08108108108108,Az (25-50%)
243,279.25,75.75,4.875,Otobüs,-0.13303765237585594,38.1981981981982,Az (25-50%)
250,264.5621890547264,37.039800995024876,9.945273631840797,Otobüs,-0.13402285878626236,36.93693693693694,Az (25-50%)
252,3891.790598290598,44.35897435897436,38.863247863247864,Otobüs,0.10927879413549922,88.46846846846846,Yoğun (75-95%)
253,330.83846153846156,19.715384615384615,5.176923076923077,Otobüs,-0.1295772808337609,39.81981981981982,Az (25-50%)
253-6,125.16239316239316,19.512820512820515,4.32051282051282,Otobüs,-0.14337330406596996,25.765765765765764,Az (25-50%)
254,2433.0299145299145,48.20940170940171,23.833333333333332,Otobüs,0.011430286808930767,79.27927927927928,Yoğun (75-95%)
255,2486.7393162393164,46.73931623931624,37.75213675213675,Otobüs,0.015032923516358087,80.0,Yoğun (75-95%)
255-1,304.5765765765766,72.28828828828829,2.7387387387387387,Otobüs,-0.13133883519405382,38.91891891891892,Az (25-50%)
255-2,282.5855855855856,66.61261261261261,2.774774774774775,Otobüs,-0.13281391309206322,38.55855855855856,Az (25-50%)
255-3,102.55855855855856,72.51351351351352,0.9279279279279279,Otobüs,-0.14488948934602558,20.18018018018018,Çok Az (<25%)
255-4,121.15315315315316,86.58558558558559,0.8558558558558559,Otobüs,-0.14364222970592258,25.045045045045043,Az (25-50%)
256,4245.333333333333,47.611111111111114,45.49145299145299,Otobüs,0.13299319039335677,90.63063063063062,Yoğun (75-95%)
258,364.42857142857144,64.93650793650794,4.0,Otobüs,-0.12732417506372504,42.34234234234234,Az (25-50%)
259,46.84146341463415,33.24390243902439,0.9939024390243902,Otobüs,-0.14862679502823697,8.288288288288289,Çok Az (<25%)
260,339.0348837209302,20.593023255813954,5.558139534883721,Otobüs,-0.12902749382284054,40.54054054054054,Az (25-50%)
261,5089.059829059829,46.8034188034188,49.901709401709404,Otobüs,0.18958737963753158,93.33333333333333,Yoğun (75-95%)
261-6,59.205128205128204,10.175213675213675,3.9957264957264957,Otobüs,-0.14779748412186053,10.99099099099099,Çok Az (<25%)
263,2204.324786324786,53.794871794871796,24.358974358974358,Otobüs,-0.003910444307506815,77.29729729729729,Yoğun (75-95%)
263-2,470.9451219512195,57.573170731707314,5.841463414634147,Otobüs,-0.12017942158205938,48.468468468468465,Az (25-50%)
264,2143.222222222222,45.84615384615385,32.123931623931625,Otobüs,-0.008008988200154457,76.3963963963964,Yoğun (75-95%)
265,13.918803418803419,4.6581196581196584,1.8803418803418803,Otobüs,-0.15083513061999926,1.4414414414414414,Çok Az (<25%)
266,14125.564102564103,55.585470085470085,91.63675213675214,Otobüs,0.795724126024925,99.45945945945947,Çok Yoğun (>95%)
266-2,2655.863247863248,63.26923076923077,14.717948717948717,Otobüs,0.02637715869271358,81.44144144144144,Yoğun (75-95%)
266-4,353.1981981981982,64.83783783783784,3.6216216216216215,Otobüs,-0.12807746878047052,41.44144144144144,Az (25-50%)
266-5,314.7477477477477,55.450450450450454,3.7117117117117115,Otobüs,-0.13065658900525717,39.0990990990991,Az (25-50%)
266-6,193.15384615384616,25.914529914529915,3.97008547008547,Otobüs,-0.1388126778712557,33.153153153153156,Az (25-50%)
267,173.9939024390244,39.103658536585364,3.1341463414634148,Otobüs,-0.14009785913081862,30.45045045045045,Az (25-50%)
267-2,476.4390243902439,49.46951219512195,6.097560975609756,Otobüs,-0.11981091003726611,48.64864864864865,Az (25-50%)
268,3849.9786324786323,52.44871794871795,26.636752136752136,Otobüs,0.10647419534925887,87.92792792792793,Yoğun (75-95%)
269,516.0426829268292,37.16463414634146,6.597560975609756,Otobüs,-0.11715443669272421,50.45045045045045,Orta (50-75%)
269-2,622.0243902439024,81.29878048780488,9.341463414634147,Otobüs,-0.11004555860165678,54.59459459459459,Orta (50-75%)
270,529.5487804878048,34.3109756097561,6.634146341463414,Otobüs,-0.11624849543665641,50.630630630630634,Orta (50-75%)
271,5959.641025641025,43.73504273504273,70.43162393162393,Otobüs,0.24798288723542,95.4954954954955,Çok Yoğun (>95%)
271-2,511.56410256410254,31.226495726495727,11.61111111111111,Otobüs,-0.11745484402362728,50.27027027027027,Orta (50-75%)
272,65.6036036036036,45.450450450450454,1.009009009009009,Otobüs,-0.14736829702223805,12.612612612612612,Çok Az (<25%)
273,62.648648648648646,44.55855855855856,1.009009009009009,Otobüs,-0.14756650494954124,11.711711711711711,Çok Az (<25%)
274,2147.188034188034,45.63247863247863,32.3034188034188,Otobüs,-0.007742975559758804,76.57657657657657,Yoğun (75-95%)
275,7283.709401709401,49.465811965811966,79.66666666666667,Otobüs,0.3367967109413094,97.47747747747748,Çok Yoğun (>95%)
276,1501.4444444444443,49.636752136752136,42.47008547008547,Otobüs,-0.05105717169590587,68.28828828828829,Orta (50-75%)
277,6216.470085470086,68.45299145299145,52.6965811965812,Otobüs,0.26521007221655996,95.85585585585585,Çok Yoğun (>95%)
278,6805.811965811966,87.2051282051282,55.44017094017094,Otobüs,0.3047410411674249,96.3963963963964,Çok Yoğun (>95%)
279,7606.380341880342,57.9059829059829,53.623931623931625,Otobüs,0.3584403363864319,97.83783783783784,Çok Yoğun (>95%)
279-2,1037.017094017094,57.10683760683761,7.004273504273504,Otobüs,-0.08220931577741211,62.16216216216216,Orta (50-75%)
279-6,116.49145299145299,16.055555555555557,3.9444444444444446,Otobüs,-0.14395492006528327,23.423423423423422,Çok Az (<25%)
281,3979.905982905983,57.68376068376068,41.74786324786325,Otobüs,0.1151892624892901,89.36936936936937,Yoğun (75-95%)
282,120.47560975609755,31.079268292682926,2.0121951219512195,Otobüs,-0.14368767692066375,24.684684684684687,Çok Az (<25%)
283,1091.433962264151,60.2311320754717,25.77358490566038,Otobüs,-0.07855922471680425,63.24324324324324,Orta (50-75%)
284,6879.880341880342,57.81196581196581,55.0,Otobüs,0.30970928586929714,96.75675675675676,Çok Yoğun (>95%)
284-6,114.04700854700855,16.45299145299145,3.9743589743589745,Otobüs,-0.14411888475311335,22.882882882882882,Çok Az (<25%)
285,2664.3162393162393,61.995726495726494,29.88034188034188,Otobüs,0.026944155462867225,81.62162162162161,Yoğun (75-95%)
286,6889.153846153846,60.64529914529915,54.15384615384615,Otobüs,0.31033131973746364,96.93693693693693,Çok Yoğun (>95%)
287,3118.982905982906,80.21367521367522,54.085470085470085,Otobüs,0.057441587399261744,84.14414414414414,Yoğun (75-95%)
288,6323.538461538462,54.034188034188034,48.837606837606835,Otobüs,0.27239184020413826,96.03603603603604,Çok Yoğun (>95%)
288-2,635.0,47.76829268292683,6.573170731707317,Otobüs,-0.10917520059131264,54.95495495495496,Orta (50-75%)
288-6,70.22222222222223,11.94017094017094,3.9914529914529915,Otobüs,-0.1470584964204166,14.054054054054054,Çok Az (<25%)
289,825.3119658119658,51.15811965811966,10.773504273504274,Otobüs,-0.09640974701939505,57.2972972972973,Orta (50-75%)
290,1536.6581196581196,64.21794871794872,33.41025641025641,Otobüs,-0.04869516290618586,69.009009009009,Orta (50-75%)
291,802.6324786324786,32.24786324786325,30.576923076923077,Otobüs,-0.09793100680665767,56.57657657657658,Orta (50-75%)
291-2,168.57534246575344,41.57534246575342,3.9315068493150687,Otobüs,-0.14046131696948014,29.72972972972973,Az (25-50%)
292,1889.5213675213674,73.61111111111111,35.67948717948718,Otobüs,-0.02502634424512022,74.41441441441441,Orta (50-75%)
293,103.8931623931624,22.04700854700855,6.8931623931623935,Otobüs,-0.1447999688410229,20.72072072072072,Çok Az (<25%)
294,197.7051282051282,33.457264957264954,8.512820512820513,Otobüs,-0.13850739396821543,33.87387387387387,Az (25-50%)
295,119.2094017094017,20.743589743589745,8.465811965811966,Otobüs,-0.14377260967811556,24.144144144144146,Çok Az (<25%)
296,1757.6709401709402,71.85042735042735,34.414529914529915,Otobüs,-0.03387040458361917,72.61261261261261,Orta (50-75%)
297,1155.008547008547,46.71367521367522,32.324786324786324,Otobüs,-0.07429486642253717,64.5045045045045,Orta (50-75%)
298,926.2179487179487,43.072649572649574,29.44017094017094,Otobüs,-0.08964133057001776,59.63963963963964,Orta (50-75%)
299,1466.0470085470085,51.86752136752137,39.465811965811966,Otobüs,-0.053431506502368345,67.56756756756756,Orta (50-75%)
301,617.9957264957264,39.7008547008547,8.217948717948717,Otobüs,-0.11031578711731942,54.414414414414416,Orta (50-75%)
302,424.4756097560976,75.5609756097561,6.463414634146342,Otobüs,-0.12329643210688677,45.585585585585584,Az (25-50%)
303,542.982905982906,63.88034188034188,6.034188034188034,Otobüs,-0.1153473818122169,51.17117117117117,Orta (50-75%)
304,3700.559829059829,57.34615384615385,44.30769230769231,Otobüs,0.09645171047986928,87.2072072072072,Yoğun (75-95%)
305,553.1585365853658,75.45121951219512,10.512195121951219,Otobüs,-0.11466483650054152,51.891891891891895,Orta (50-75%)
306,251.15873015873015,30.626984126984127,5.841269841269841,Otobüs,-0.1349219154036954,36.21621621621622,Az (25-50%)
307,30.75,21.53048780487805,1.0,Otobüs,-0.14970615348185456,4.504504504504505,Çok Az (<25%)
308,373.3841463414634,38.920731707317074,6.932926829268292,Otobüs,-0.12672346677261684,42.7027027027027,Az (25-50%)
309,914.9786324786324,62.47435897435897,6.085470085470085,Otobüs,-0.09039522415217355,59.27927927927929,Orta (50-75%)
310,39.73170731707317,50.84756097560975,1.0609756097560976,Otobüs,-0.14910369232149887,6.126126126126126,Çok Az (<25%)
312,8807.910256410256,56.96153846153846,60.44871794871795,Otobüs,0.4390347134859583,98.73873873873875,Çok Yoğun (>95%)
313,72.6318407960199,35.124378109452735,1.5223880597014925,Otobüs,-0.1468968677288175,14.594594594594595,Çok Az (<25%)
314,395.2378048780488,56.609756097560975,4.0182926829268295,Otobüs,-0.12525760064993197,43.78378378378379,Az (25-50%)
315,425.52564102564105,35.49145299145299,8.555555555555555,Otobüs,-0.12322599972307302,45.765765765765764,Az (25-50%)
317,2851.5982905982905,53.05555555555556,38.0,Otobüs,0.03950637308431013,83.42342342342343,Yoğun (75-95%)
318-6,89.04273504273505,16.115384615384617,3.8547008547008548,Otobüs,-0.14579608298474586,17.2972972972973,Çok Az (<25%)
319,1628.8589743589744,68.91452991452991,15.884615384615385,Otobüs,-0.04251065566853912,70.8108108108108,Orta (50-75%)
320,8439.478632478633,57.19230769230769,57.18376068376068,Otobüs,0.4143216232204085,98.37837837837839,Çok Yoğun (>95%)
321,6838.970085470086,65.08547008547009,49.15384615384615,Otobüs,0.30696517056056055,96.57657657657658,Çok Yoğun (>95%)
321-6,166.44444444444446,28.363247863247864,3.965811965811966,Otobüs,-0.14060425007219626,29.549549549549546,Az (25-50%)
322,2307.4700854700855,54.23076923076923,21.337606837606838,Otobüs,0.0030081775551973307,78.01801801801803,Yoğun (75-95%)
323,870.2043010752689,75.39784946236558,7.268817204301075,Otobüs,-0.09339852794499975,58.55855855855856,Orta (50-75%)
324,1306.662393162393,45.8034188034188,17.85042735042735,Otobüs,-0.06412246279137289,66.48648648648648,Orta (50-75%)
325,426.7014925373134,41.830845771144276,6.338308457711443,Otobüs,-0.12314712776241789,45.94594594594595,Az (25-50%)
326,2768.2179487179487,34.085470085470085,30.4017094017094,Otobüs,0.033913514650302,82.88288288288288,Yoğun (75-95%)
328,314.77777777777777,23.182539682539684,11.53968253968254,Otobüs,-0.13065457469705286,39.27927927927928,Az (25-50%)
329,3967.0641025641025,54.94017094017094,38.13247863247863,Otobüs,0.11432787457507788,89.009009009009,Yoğun (75-95%)
330,3923.8931623931626,57.73076923076923,26.072649572649574,Otobüs,0.11143212059525369,88.64864864864866,Yoğun (75-95%)
330-2,1520.5572139303483,88.06965174129353,13.497512437810945,Otobüs,-0.04977515471677313,68.64864864864865,Orta (50-75%)
333,44.265,31.365,0.99,Otobüs,-0.14879961508166314,7.567567567567568,Çok Az (<25%)
334,5308.457264957265,51.38461538461539,38.55982905982906,Otobüs,0.20430378367338536,93.87387387387388,Yoğun (75-95%)
334-6,96.12820512820512,20.854700854700855,3.9316239316239314,Otobüs,-0.14532081471128036,19.27927927927928,Çok Az (<25%)
335,90.33333333333333,44.55223880597015,1.4975124378109452,Otobüs,-0.1457095142159964,17.83783783783784,Çok Az (<25%)
336,2255.4444444444443,65.07264957264957,24.44017094017094,Otobüs,-0.00048151844068269374,77.47747747747748,Yoğun (75-95%)
337,90.43283582089552,62.86069651741293,1.0248756218905473,Otobüs,-0.14570283994105082,18.01801801801802,Çok Az (<25%)
338,2283.82905982906,62.914529914529915,23.363247863247864,Otobüs,0.0014224211687008566,77.83783783783784,Yoğun (75-95%)
340,5893.596244131455,57.075117370892016,37.924882629107984,Otobüs,0.24355283687872903,95.31531531531532,Çok Yoğun (>95%)
340-2,2062.88785046729,88.99532710280374,18.411214953271028,Otobüs,-0.013397533731127474,75.67567567567568,Yoğun (75-95%)
341,1095.1290322580646,33.52073732718894,9.013824884792626,Otobüs,-0.0783113724903242,63.42342342342342,Orta (50-75%)
341-6,149.96581196581195,25.867521367521366,3.9914529914529915,Otobüs,-0.14170957845728852,28.10810810810811,Az (25-50%)
342,5319.628205128205,49.07692307692308,40.3034188034188,Otobüs,0.20505309083070677,94.05405405405406,Yoğun (75-95%)
343,6019.0641025641025,45.598290598290596,48.91025641025641,Otobüs,0.2519687770680725,95.67567567567568,Çok Yoğun (>95%)
344,96.59701492537313,36.95522388059702,1.800995024875622,Otobüs,-0.1452893686081713,19.63963963963964,Çok Az (<25%)
346,3170.7606837606836,43.123931623931625,38.427350427350426,Otobüs,0.06091465760511704,84.86486486486487,Yoğun (75-95%)
349,3534.474358974359,41.495726495726494,41.51282051282051,Otobüs,0.08531128455709278,86.48648648648648,Yoğun (75-95%)
350,922.2264957264957,39.48290598290598,19.726495726495727,Otobüs,-0.08990906311972632,59.45945945945946,Orta (50-75%)
351,3650.7735042735044,61.2008547008547,36.85042735042735,Otobüs,0.09311221989731612,87.02702702702703,Yoğun (75-95%)
352,1875.3418803418804,52.837606837606835,24.816239316239315,Otobüs,-0.02597745409515553,74.23423423423424,Orta (50-75%)
353,4122.559829059829,63.23504273504273,39.333333333333336,Otobüs,0.12475797795162548,89.90990990990991,Yoğun (75-95%)
354,1199.6196581196582,43.611111111111114,19.29059829059829,Otobüs,-0.07130251086963825,65.22522522522523,Orta (50-75%)
354-1,11.956521739130435,8.478260869565217,1.0,Otobüs,-0.15096675353488018,1.0810810810810811,Çok Az (<25%)
355,8346.78205128205,59.363247863247864,54.004273504273506,Otobüs,0.40810386440271224,98.1981981981982,Çok Yoğun (>95%)
355-6,127.43162393162393,22.128205128205128,3.927350427350427,Otobüs,-0.14322109209177802,26.306306306306304,Az (25-50%)
357,2677.3333333333335,56.72649572649573,25.72222222222222,Otobüs,0.02781729609071762,81.8018018018018,Yoğun (75-95%)
359,1080.8247863247864,40.465811965811966,18.602564102564102,Otobüs,-0.07927085071631747,63.06306306306306,Orta (50-75%)
360,104.7439024390244,22.567073170731707,3.426829268292683,Otobüs,-0.14474290420764116,20.9009009009009,Çok Az (<25%)
361,5830.123931623932,51.452991452991455,45.99145299145299,Otobüs,0.23929533864439526,95.13513513513514,Çok Yoğun (>95%)
363,357.4230769230769,36.29059829059829,6.782051282051282,Otobüs,-0.12779407885814317,41.8018018018018,Az (25-50%)
364,573.5811965811965,46.4059829059829,8.478632478632479,Otobüs,-0.11329495669881944,52.25225225225225,Orta (50-75%)
365,5486.735042735043,48.15384615384615,44.27350427350427,Otobüs,0.21626202647444726,94.41441441441441,Yoğun (75-95%)
366,384.1951219512195,16.896341463414632,20.390243902439025,Otobüs,-0.12599830476493817,43.42342342342342,Az (25-50%)
367,4151.226495726496,77.9957264957265,37.32051282051282,Otobüs,0.12668083656345097,90.27027027027027,Yoğun (75-95%)
369,149.39303482587064,57.24875621890547,1.8059701492537314,Otobüs,-0.14174799832203944,27.927927927927925,Az (25-50%)
372,398.3565217391304,49.25217391304348,5.508695652173913,Otobüs,-0.12504840815315837,44.14414414414414,Az (25-50%)
373,1217.3461538461538,47.93589743589744,17.88888888888889,Otobüs,-0.07011348023131804,65.58558558558558,Orta (50-75%)
374,1247.780487804878,79.47560975609755,17.975609756097562,Otobüs,-0.06807205274942135,66.12612612612612,Orta (50-75%)
375,4146.474358974359,68.38888888888889,42.14102564102564,Otobüs,0.12636208003745963,90.09009009009009,Yoğun (75-95%)
377,3123.628205128205,63.85470085470085,34.37179487179487,Otobüs,0.057753177636449333,84.32432432432432,Yoğun (75-95%)
380,868.9444444444445,35.833333333333336,8.128205128205128,Otobüs,-0.09348303467193858,58.37837837837838,Orta (50-75%)
381,1751.6538461538462,52.00854700854701,23.756410256410255,Otobüs,-0.03427400996904705,72.43243243243244,Orta (50-75%)
382,5448.290598290599,64.91880341880342,53.72222222222222,Otobüs,0.21368330911130148,94.23423423423424,Yoğun (75-95%)
383,9463.457711442787,55.601990049751244,63.169154228855724,Otobüs,0.4830065182314083,98.91891891891892,Çok Yoğun (>95%)
385,270.25373134328356,50.298507462686565,6.308457711442786,Otobüs,-0.1336410902593744,37.47747747747748,Az (25-50%)
385-2,480.0792682926829,77.4329268292683,8.695121951219512,Otobüs,-0.11956673535109345,49.009009009009006,Az (25-50%)
389,335.7692307692308,40.77350427350427,4.363247863247863,Otobüs,-0.12924654227288968,40.18018018018018,Az (25-50%)
391,5693.8376068376065,91.24786324786325,41.70940170940171,Otobüs,0.23015373399476408,94.77477477477477,Yoğun (75-95%)
392,552.3760683760684,45.20940170940171,7.14957264957265,Otobüs,-0.11471732170059014,51.711711711711715,Orta (50-75%)
393,4273.606837606838,56.61965811965812,36.217948717948715,Otobüs,0.13488967706238444,91.35135135135135,Yoğun (75-95%)
394,278.4059829059829,33.79059829059829,5.504273504273504,Otobüs,-0.13309426605740565,38.01801801801802,Az (25-50%)
395,3370.7820512820513,53.68803418803419,33.02564102564103,Otobüs,0.07433138350352055,85.58558558558559,Yoğun (75-95%)
397,362.79059829059827,26.974358974358974,9.205128205128204,Otobüs,-0.12743404450864218,42.16216216216216,Az (25-50%)
403-6,89.82051282051282,15.645299145299145,3.97008547008547,Otobüs,-0.14574391240225448,17.65765765765766,Çok Az (<25%)
405,344.1524390243902,44.28048780487805,5.323170731707317,Otobüs,-0.1286842263128376,40.9009009009009,Az (25-50%)
407,278.32335329341316,42.449101796407184,4.538922155688622,Otobüs,-0.13309980855957268,37.83783783783784,Az (25-50%)
408,7755.559829059829,56.81623931623932,50.69230769230769,Otobüs,0.3684467687689011,98.01801801801801,Çok Yoğun (>95%)
409,324.1752136752137,16.974358974358974,13.884615384615385,Otobüs,-0.13002422793387394,39.63963963963964,Az (25-50%)
412,998.6239316239316,36.534188034188034,48.4059829059829,Otobüs,-0.08478459332193207,60.72072072072072,Orta (50-75%)
413,1681.6837606837607,58.44017094017094,20.50854700854701,Otobüs,-0.03896735583240696,71.71171171171171,Orta (50-75%)
414,8556.482905982906,60.20940170940171,51.82905982905983,Otobüs,0.4221698560667366,98.55855855855856,Çok Yoğun (>95%)
415,4408.072649572649,59.49145299145299,50.452991452991455,Otobüs,0.14390916815079946,91.53153153153153,Yoğun (75-95%)
415-6,67.15811965811966,11.790598290598291,3.9444444444444446,Otobüs,-0.1472640255833085,13.333333333333334,Çok Az (<25%)
416,1028.423076923077,36.91025641025641,48.7008547008547,Otobüs,-0.08278577204878673,61.8018018018018,Orta (50-75%)
418,857.965811965812,40.824786324786324,14.44017094017094,Otobüs,-0.09421944250941316,58.01801801801801,Orta (50-75%)
419,3964.119658119658,46.03846153846154,31.79059829059829,Otobüs,0.11413037165564621,88.82882882882883,Yoğun (75-95%)
427,770.5299145299145,32.717948717948715,16.645299145299145,Otobüs,-0.10008433326641213,55.85585585585585,Orta (50-75%)
430,432.4316239316239,27.89316239316239,26.55982905982906,Otobüs,-0.12276277081479783,46.666666666666664,Az (25-50%)
431,478.2008547008547,32.1965811965812,26.653846153846153,Otobüs,-0.11969273269126612,48.82882882882883,Az (25-50%)
432,89.59734513274336,7.048672566371682,11.43362831858407,Otobüs,-0.1457588817014513,17.47747747747748,Çok Az (<25%)
434,1686.607142857143,29.78061224489796,16.729591836734695,Otobüs,-0.03863711276921873,72.07207207207207,Orta (50-75%)
437,3137.051282051282,36.58974358974359,33.042735042735046,Otobüs,0.05865355016175402,84.50450450450451,Yoğun (75-95%)
438,2129.0299145299145,65.28632478632478,21.982905982905983,Otobüs,-0.008960958004846217,76.21621621621621,Yoğun (75-95%)
439,3325.2991452991455,34.6025641025641,32.166666666666664,Otobüs,0.07128055103398294,85.22522522522522,Yoğun (75-95%)
439-6,117.03846153846153,20.632478632478634,3.965811965811966,Otobüs,-0.14391822866660803,23.783783783783786,Çok Az (<25%)
440,4722.072649572649,39.31623931623932,42.3034188034188,Otobüs,0.16497117759660856,92.61261261261261,Yoğun (75-95%)
441,809.3675213675214,39.80769230769231,14.316239316239317,Otobüs,-0.09747924396046849,56.75675675675676,Orta (50-75%)
442,1836.568376068376,34.68803418803419,37.68376068376068,Otobüs,-0.028578243627816895,73.33333333333333,Orta (50-75%)
443,3725.196581196581,49.38034188034188,51.547008547008545,Otobüs,0.09810425667801681,87.56756756756758,Yoğun (75-95%)
444,191.93589743589743,26.478632478632477,4.901709401709402,Otobüs,-0.13889437356361858,32.972972972972975,Az (25-50%)
445,223.7012195121951,39.76219512195122,4.024390243902439,Otobüs,-0.13676366810622959,34.95495495495496,Az (25-50%)
446,3711.3205128205127,52.756410256410255,48.05982905982906,Otobüs,0.09717349908818419,87.38738738738738,Yoğun (75-95%)
447,1484.905982905983,39.77350427350427,26.299145299145298,Otobüs,-0.05216651320272825,67.92792792792793,Orta (50-75%)
448,337.4188034188034,15.213675213675213,19.931623931623932,Otobüs,-0.12913589477375959,40.36036036036036,Az (25-50%)
449,177.39634146341464,21.817073170731707,6.7926829268292686,Otobüs,-0.13986963555479792,30.99099099099099,Az (25-50%)
450,3503.8931623931626,76.18376068376068,30.115384615384617,Otobüs,0.08326000604990391,86.12612612612612,Yoğun (75-95%)
451,1767.645299145299,49.81196581196581,24.632478632478634,Otobüs,-0.033201359860899934,72.7927927927928,Orta (50-75%)
454,1214.076923076923,62.457264957264954,13.346153846153847,Otobüs,-0.07033276866871316,65.4054054054054,Orta (50-75%)
454-6,57.3034188034188,10.175213675213675,3.9401709401709404,Otobüs,-0.1479250440625675,10.27027027027027,Çok Az (<25%)
455,45.762962962962966,6.355555555555555,4.051851851851852,Otobüs,-0.14869913702409818,7.927927927927928,Çok Az (<25%)
456,4271.619658119658,51.35897435897436,59.034188034188034,Otobüs,0.13475638409063445,91.17117117117117,Yoğun (75-95%)
460,1332.4700854700855,45.675213675213676,41.47435897435897,Otobüs,-0.062391374067936094,66.66666666666666,Orta (50-75%)
464,126.1219512195122,24.103658536585368,3.8353658536585367,Otobüs,-0.14330894030526026,25.945945945945947,Az (25-50%)
466,25.37313432835821,11.756218905472636,1.0348258706467661,Otobüs,-0.15006681461422708,3.2432432432432434,Çok Az (<25%)
467,20.34328358208955,9.572139303482587,1.0248756218905473,Otobüs,-0.15040419921272682,2.5225225225225225,Çok Az (<25%)
468,133.5870646766169,47.850746268656714,2.343283582089552,Otobüs,-0.14280820689714693,26.846846846846844,Az (25-50%)
470,61.6965811965812,9.273504273504274,4.431623931623932,Otobüs,-0.14763036626695683,11.17117117117117,Çok Az (<25%)
471,41.662393162393165,8.102564102564102,3.2606837606837606,Otobüs,-0.1489741887434383,6.486486486486487,Çok Az (<25%)
472,1674.2948717948718,51.38034188034188,24.487179487179485,Otobüs,-0.03946297636607515,71.35135135135135,Orta (50-75%)
473,96.0,11.085470085470085,5.423076923076923,Otobüs,-0.14532941425784487,19.0990990990991,Çok Az (<25%)
474,5788.018867924528,43.9559748427673,63.44025157232704,Otobüs,0.23647107988849325,94.95495495495496,Yoğun (75-95%)
477,840.6410256410256,43.14529914529915,8.188034188034187,Otobüs,-0.09538152790183124,57.65765765765766,Orta (50-75%)
479,2166.1495726495727,39.47008547008547,20.256410256410255,Otobüs,-0.006471102622867089,76.93693693693695,Yoğun (75-95%)
480,1640.2735042735044,55.84615384615385,20.46153846153846,Otobüs,-0.04174500937274517,70.990990990991,Orta (50-75%)
481,9863.73076923077,64.33760683760684,57.14957264957265,Otobüs,0.5098554192633618,99.09909909909909,Çok Yoğun (>95%)
481-6,110.03846153846153,19.294871794871796,3.97008547008547,Otobüs,-0.14438776390903052,21.98198198198198,Çok Az (<25%)
482,452.7567567567568,31.73873873873874,6.009009009009009,Otobüs,-0.12139943279075238,47.927927927927925,Az (25-50%)
482-6,62.337606837606835,10.833333333333334,3.9743589743589745,Otobüs,-0.14758736853413423,11.351351351351353,Çok Az (<25%)
483,1250.1025641025642,38.3974358974359,47.1025641025641,Otobüs,-0.06791629608408456,66.30630630630631,Orta (50-75%)
484,403.0683760683761,55.876068376068375,4.952991452991453,Otobüs,-0.12473235362962383,44.5045045045045,Az (25-50%)
485,419.8205128205128,33.794871794871796,8.316239316239317,Otobüs,-0.12360867954519393,45.22522522522522,Az (25-50%)
486,7581.948717948718,52.05982905982906,63.662393162393165,Otobüs,0.3568015494627876,97.65765765765767,Çok Yoğun (>95%)
486-6,122.01282051282051,21.346153846153847,3.982905982905983,Otobüs,-0.14358456625990487,25.405405405405407,Az (25-50%)
487,3756.6111111111113,38.71367521367522,39.65811965811966,Otobüs,0.10021143223787506,87.74774774774775,Yoğun (75-95%)
488,1868.2051282051282,54.06837606837607,27.26068376068376,Otobüs,-0.026456162187246845,73.69369369369369,Orta (50-75%)
489,3.7198275862068964,2.439655172413793,0.8405172413793104,Otobüs,-0.15151924184714488,0.5405405405405406,Çok Az (<25%)
490,176.44871794871796,42.87179487179487,3.91025641025641,Otobüs,-0.13993319878861196,30.810810810810814,Az (25-50%)
491,50.4059829059829,7.333333333333333,4.188034188034188,Otobüs,-0.1483876996677384,9.00900900900901,Çok Az (<25%)
492,3889.722222222222,53.70940170940171,51.414529914529915,Otobüs,0.10914005478425838,88.28828828828829,Yoğun (75-95%)
493,2392.7863247863247,45.85470085470085,36.794871794871796,Otobüs,0.008730889142329633,78.91891891891892,Yoğun (75-95%)
494,3056.8418803418804,51.02991452991453,42.32905982905983,Otobüs,0.053273387179441536,83.96396396396396,Yoğun (75-95%)
495,578.1111111111111,53.73076923076923,14.568376068376068,Otobüs,-0.11299110605353992,52.792792792792795,Orta (50-75%)
497,16.377682403433475,5.648068669527897,0.9871244635193133,Otobüs,-0.15067019771426554,1.8018018018018018,Çok Az (<25%)
499-51,161.04,27.88,4.0,Otobüs,-0.14096676109110784,28.82882882882883,Az (25-50%)
499-52,343.24,31.16,6.84,Otobüs,-0.1287454294954823,40.72072072072072,Az (25-50%)
501,1022.2863247863248,52.794871794871796,13.602564102564102,Otobüs,-0.08319740367767484,61.62162162162163,Orta (50-75%)
501-2,164.9017094017094,18.166666666666668,9.038461538461538,Otobüs,-0.14070773128252256,29.36936936936937,Az (25-50%)
502,1244.9871794871794,38.965811965811966,18.35042735042735,Otobüs,-0.0682594179920087,65.94594594594595,Orta (50-75%)
502-2,109.30434782608695,26.343478260869563,3.9478260869565216,Otobüs,-0.14443700566044557,21.62162162162162,Çok Az (<25%)
503,4708.17094017094,60.34615384615385,30.641025641025642,Otobüs,0.16403870009746307,92.43243243243244,Yoğun (75-95%)
503-1,1058.4573170731708,73.64024390243902,5.451219512195122,Otobüs,-0.08077118144452247,62.70270270270271,Orta (50-75%)
504,5653.119658119658,57.73931623931624,37.81196581196581,Otobüs,0.22742251800587426,94.5945945945946,Yoğun (75-95%)
504-6,110.03418803418803,13.636752136752136,4.948717948717949,Otobüs,-0.14438805056058265,21.8018018018018,Çok Az (<25%)
505,1497.6709401709402,63.61538461538461,14.17094017094017,Otobüs,-0.051310285016454744,68.10810810810811,Orta (50-75%)
505-2,2441.8333333333335,66.62393162393163,22.141025641025642,Otobüs,0.012020789006360779,79.45945945945945,Yoğun (75-95%)
506-1,193.6341463414634,76.5670731707317,2.798780487804878,Otobüs,-0.1387804610333945,33.513513513513516,Az (25-50%)
506-2,68.1280487804878,91.20731707317073,0.9878048780487805,Otobüs,-0.14719896616822223,13.513513513513514,Çok Az (<25%)
507,4106.0,75.47008547008546,31.299145299145298,Otobüs,0.12364720318704235,89.54954954954954,Yoğun (75-95%)
507-1,553.8589743589744,74.85470085470085,4.1239316239316235,Otobüs,-0.11461785361199392,52.072072072072075,Orta (50-75%)
507-2,432.37179487179486,33.91880341880342,8.423076923076923,Otobüs,-0.12276678393652794,46.48648648648649,Az (25-50%)
508-1,576.7735042735043,54.05555555555556,6.457264957264957,Otobüs,-0.113080827989363,52.61261261261261,Orta (50-75%)
509,7022.15811965812,67.40598290598291,45.111111111111114,Otobüs,0.3192527759950433,97.11711711711712,Çok Yoğun (>95%)
510,2731.025641025641,70.58547008547009,23.45299145299145,Otobüs,0.031418786191936325,82.52252252252252,Yoğun (75-95%)
510-1,1466.7798165137615,70.55045871559633,12.642201834862385,Otobüs,-0.05338235233575142,67.74774774774774,Orta (50-75%)
510-6,57.26495726495727,13.482905982905983,3.02991452991453,Otobüs,-0.14792762392653688,10.09009009009009,Çok Az (<25%)
511,106.88034188034187,13.935897435897436,4.897435897435898,Otobüs,-0.14459959940606973,21.08108108108108,Çok Az (<25%)
512,541.7222222222222,22.602564102564102,8.286324786324787,Otobüs,-0.1154319440201013,50.990990990990994,Orta (50-75%)
513-1,182.609756097561,65.1280487804878,2.823170731707317,Otobüs,-0.1395199381399275,31.17117117117117,Az (25-50%)
513-2,126.53658536585365,82.6219512195122,2.0121951219512195,Otobüs,-0.14328112811320037,26.126126126126124,Az (25-50%)
514,4115.307692307692,54.901709401709404,32.55128205128205,Otobüs,0.1242715302676261,89.72972972972974,Yoğun (75-95%)
514-2,928.6837606837607,62.35897435897436,7.081196581196581,Otobüs,-0.08947593262442692,59.81981981981982,Orta (50-75%)
515,2529.5982905982905,63.12820512820513,24.316239316239315,Otobüs,0.017907751932875297,80.36036036036036,Yoğun (75-95%)
516,1943.7393162393162,70.27350427350427,16.465811965811966,Otobüs,-0.021389596002987003,74.77477477477478,Orta (50-75%)
517,2156.3846153846152,52.675213675213676,24.931623931623932,Otobüs,-0.007126101419530966,76.75675675675676,Yoğun (75-95%)
518-1,135.71951219512195,59.957317073170735,2.6219512195121952,Otobüs,-0.14266516985963917,27.027027027027028,Az (25-50%)
518-2,174.28048780487805,76.0670731707317,2.9451219512195124,Otobüs,-0.14007863599807133,30.630630630630627,Az (25-50%)
519-1,148.54268292682926,65.40853658536585,2.6463414634146343,Otobüs,-0.14180503691990526,27.74774774774775,Az (25-50%)
519-2,37.38414634146341,51.079268292682926,0.9817073170731707,Otobüs,-0.14926115840889667,5.7657657657657655,Çok Az (<25%)
520,2978.6837606837607,56.833333333333336,31.17094017094017,Otobüs,0.0480308169421613,83.6036036036036,Yoğun (75-95%)
521,3046.9786324786323,53.294871794871796,34.32905982905983,Otobüs,0.052611795397078207,83.78378378378379,Yoğun (75-95%)
523,3525.696581196581,61.47435897435897,34.82051282051282,Otobüs,0.08472250226897567,86.3063063063063,Yoğun (75-95%)
523-6,135.77777777777777,23.15811965811966,4.012820512820513,Otobüs,-0.14266126161042814,27.207207207207208,Az (25-50%)
524,3352.9700854700855,53.3034188034188,37.598290598290596,Otobüs,0.07313661983415733,85.4054054054054,Yoğun (75-95%)
525,2722.0,65.84615384615384,23.88034188034188,Otobüs,0.03081337811379449,82.16216216216216,Yoğun (75-95%)
525-1,432.34615384615387,69.51282051282051,3.735042735042735,Otobüs,-0.12276850384584084,46.306306306306304,Az (25-50%)
525-2,414.03846153846155,53.49145299145299,5.188034188034188,Otobüs,-0.12399651909525354,45.04504504504504,Az (25-50%)
525-6,86.71367521367522,14.576923076923077,3.9743589743589745,Otobüs,-0.14595230808066786,16.936936936936934,Çok Az (<25%)
526,191.47863247863248,34.34188034188034,4.0085470085470085,Otobüs,-0.1389250452796987,32.432432432432435,Az (25-50%)
527-1,245.2863247863248,41.004273504273506,8.474358974358974,Otobüs,-0.13531581558657194,35.85585585585586,Az (25-50%)
527-2,275.1752136752137,45.73504273504273,8.495726495726496,Otobüs,-0.13331097463083144,37.65765765765766,Az (25-50%)
528,203.75641025641025,25.632478632478634,9.538461538461538,Otobüs,-0.13810149537037036,34.054054054054056,Az (25-50%)
529,95.08547008547009,13.094017094017094,4.747863247863248,Otobüs,-0.14539075769000506,18.91891891891892,Çok Az (<25%)
530,4252.491452991453,61.743589743589745,31.957264957264957,Otobüs,0.13347333174320886,90.81081081081082,Yoğun (75-95%)
530-2,78.26923076923077,16.863247863247864,4.799145299145299,Otobüs,-0.14651873154771722,15.675675675675677,Çok Az (<25%)
531,2320.1068376068374,75.69658119658119,18.235042735042736,Otobüs,0.0038558061949063066,78.37837837837837,Yoğun (75-95%)
532,151.0,15.247863247863247,5.397435897435898,Otobüs,-0.1416402087816681,28.28828828828829,Az (25-50%)
533,2790.3888888888887,59.31623931623932,27.876068376068375,Otobüs,0.03540066290285871,83.06306306306305,Yoğun (75-95%)
534,400.508547008547,28.337606837606838,6.52991452991453,Otobüs,-0.12490405790936197,44.32432432432433,Az (25-50%)
535,1559.1410256410256,45.02136752136752,15.7008547008547,Otobüs,-0.047187089090322154,69.72972972972973,Orta (50-75%)
536,3484.5,64.92735042735043,29.26068376068376,Otobüs,0.081959181306245,85.94594594594595,Yoğun (75-95%)
536-1,590.3231707317074,84.35975609756098,3.8780487804878048,Otobüs,-0.11217196428576354,53.69369369369369,Orta (50-75%)
537,615.2948717948718,22.96153846153846,8.158119658119658,Otobüs,-0.11049695089827853,54.234234234234236,Orta (50-75%)
538,1775.008547008547,29.931623931623932,28.32905982905983,Otobüs,-0.03270745923654464,72.97297297297297,Orta (50-75%)
539,218.0811965811966,20.871794871794872,8.846153846153847,Otobüs,-0.13714063936756193,34.5945945945946,Az (25-50%)
540,3542.3076923076924,61.611111111111114,35.388888888888886,Otobüs,0.08583671685218462,86.66666666666667,Yoğun (75-95%)
540-6,24.53846153846154,5.764957264957265,2.888888888888889,Otobüs,-0.1501228015129053,3.063063063063063,Çok Az (<25%)
541,217.16666666666666,22.82905982905983,5.6752136752136755,Otobüs,-0.13720198279972212,34.41441441441441,Az (25-50%)
542,3856.034188034188,75.1880341880342,30.243589743589745,Otobüs,0.10688038059865611,88.10810810810811,Yoğun (75-95%)
542-1,822.3247863247864,71.66666666666667,6.764957264957265,Otobüs,-0.09661011645434822,57.117117117117125,Orta (50-75%)
543-1,191.6046511627907,89.26162790697674,2.883720930232558,Otobüs,-0.13891659239206786,32.612612612612615,Az (25-50%)
543-2,196.71951219512195,84.65243902439025,2.981707317073171,Otobüs,-0.13857350560424314,33.693693693693696,Az (25-50%)
545,875.5731707317074,46.96951219512195,10.524390243902438,Otobüs,-0.09303840315704681,58.73873873873874,Orta (50-75%)
546,910.0982905982906,49.542735042735046,8.713675213675213,Otobüs,-0.0907225802247294,59.09909909909909,Orta (50-75%)
547,608.2094017094017,49.67948717948718,7.141025641025641,Otobüs,-0.11097221917174403,54.054054054054056,Orta (50-75%)
548,374.3247863247863,47.17094017094017,11.205128205128204,Otobüs,-0.12666037196938798,42.88288288288288,Az (25-50%)
548-1,73.54032258064517,25.54032258064516,4.016129032258065,Otobüs,-0.14683592998382025,14.774774774774773,Çok Az (<25%)
549,737.2991452991453,50.717948717948715,8.91025641025641,Otobüs,-0.1023133357359343,55.31531531531532,Orta (50-75%)
550,7083.408866995074,66.58128078817734,72.1871921182266,Otobüs,0.32336125949495986,97.2972972972973,Çok Yoğun (>95%)
551,579.0042735042736,38.97863247863248,8.61965811965812,Otobüs,-0.11293119587914047,52.972972972972975,Orta (50-75%)
552,751.7777777777778,43.94444444444444,9.452991452991453,Otobüs,-0.10134216027724845,55.4954954954955,Orta (50-75%)
553,587.5769230769231,37.337606837606835,7.773504273504273,Otobüs,-0.11235617286552659,53.333333333333336,Orta (50-75%)
554,404.780487804878,42.073170731707314,3.4390243902439024,Otobüs,-0.12461751122973057,44.68468468468468,Az (25-50%)
555-2,96.17094017094017,55.294871794871796,2.5085470085470085,Otobüs,-0.14531794819575886,19.45945945945946,Çok Az (<25%)
555-4,154.86324786324786,14.064102564102564,15.965811965811966,Otobüs,-0.14138107577852405,28.468468468468465,Az (25-50%)
556-1,110.81623931623932,56.48717948717949,2.658119658119658,Otobüs,-0.14433559332653914,22.162162162162165,Çok Az (<25%)
556-4,25.568376068376068,18.77777777777778,1.8974358974358974,Otobüs,-0.15005371848883703,3.423423423423423,Çok Az (<25%)
557,5233.089743589743,53.97863247863248,37.64102564102564,Otobüs,0.1992483968996594,93.69369369369369,Yoğun (75-95%)
558,798.2820512820513,39.0940170940171,33.13247863247863,Otobüs,-0.09822281808674686,56.21621621621622,Orta (50-75%)
559,1186.8606965174129,44.35820895522388,17.980099502487562,Otobüs,-0.07215833688806247,64.86486486486487,Orta (50-75%)
560,964.0470085470085,79.99145299145299,17.235042735042736,Otobüs,-0.08710389103038166,60.36036036036037,Orta (50-75%)
560-1,162.0,19.208955223880597,3.985074626865672,Otobüs,-0.14090236768643274,29.18918918918919,Az (25-50%)
561,2063.3675213675215,62.06837606837607,20.03846153846154,Otobüs,-0.013365359103638431,75.85585585585586,Yoğun (75-95%)
562,351.13675213675214,26.884615384615383,9.047008547008547,Otobüs,-0.12821574329135654,41.26126126126126,Az (25-50%)
564,2366.118226600985,21.84729064039409,42.10344827586207,Otobüs,0.006942087435701005,78.73873873873873,Yoğun (75-95%)
566,588.0641025641025,33.32905982905983,6.0256410256410255,Otobüs,-0.11232349458858143,53.51351351351351,Orta (50-75%)
567,901.7179487179487,44.76923076923077,10.820512820512821,Otobüs,-0.0912847039184965,58.91891891891892,Orta (50-75%)
570,1679.854700854701,31.700854700854702,36.11538461538461,Otobüs,-0.03909004269672737,71.53153153153153,Orta (50-75%)
570-1,582.7136752136752,48.46153846153846,8.82905982905983,Otobüs,-0.11268238233187383,53.153153153153156,Orta (50-75%)
571,62.51219512195122,17.847560975609756,2.4451219512195124,Otobüs,-0.1475756577695037,11.531531531531531,Çok Az (<25%)
572,2052.059829059829,28.623931623931625,27.705128205128204,Otobüs,-0.014123839110628623,75.49549549549549,Yoğun (75-95%)
573,1231.645299145299,46.098290598290596,10.307692307692308,Otobüs,-0.06915434413782251,65.76576576576578,Orta (50-75%)
574,8.896341463414634,3.317073170731707,0.4451219512195122,Otobüs,-0.15117201960453944,0.9009009009009009,Çok Az (<25%)
575,1142.0555555555557,44.64529914529915,17.662393162393162,Otobüs,-0.0751637072771053,64.32432432432432,Orta (50-75%)
575-1,576.2008547008547,54.3034188034188,8.47008547008547,Otobüs,-0.11311923929735118,52.43243243243243,Orta (50-75%)
576,382.97008547008545,24.153846153846153,12.02991452991453,Otobüs,-0.12608047587938756,43.24324324324324,Az (25-50%)
577,2730.5641025641025,46.217948717948715,23.94871794871795,Otobüs,0.03138782782430406,82.34234234234235,Yoğun (75-95%)
577-1,2393.0853658536585,58.84756097560975,16.286585365853657,Otobüs,0.008750947759478895,79.0990990990991,Yoğun (75-95%)
578,74.64179104477611,26.83084577114428,1.9701492537313432,Otobüs,-0.14676204737491647,15.135135135135137,Çok Az (<25%)
579,49.42786069651741,12.840796019900498,2.6218905472636815,Otobüs,-0.14845330864612988,8.64864864864865,Çok Az (<25%)
580,2456.311965811966,45.51282051282051,32.572649572649574,Otobüs,0.012991964465046616,79.81981981981981,Yoğun (75-95%)
580-1,26.252136752136753,6.918803418803419,2.658119658119658,Otobüs,-0.15000785424049295,3.783783783783784,Çok Az (<25%)
581,500.3333333333333,30.358974358974358,10.696581196581196,Otobüs,-0.11820816430267876,50.09009009009009,Orta (50-75%)
582,46.73134328358209,11.368159203980099,2.855721393034826,Otobüs,-0.14863418149715543,8.108108108108109,Çok Az (<25%)
583,19.96153846153846,7.260683760683761,1.9487179487179487,Otobüs,-0.15042980532525846,2.3423423423423424,Çok Az (<25%)
584,2564.311965811966,54.243589743589745,32.38034188034188,Otobüs,0.020236222490993702,80.72072072072072,Yoğun (75-95%)
584-1,540.6666666666666,60.452991452991455,6.115384615384615,Otobüs,-0.11550274695348248,50.810810810810814,Orta (50-75%)
585-1,2454.9273504273506,84.3974358974359,33.675213675213676,Otobüs,0.012899089362149868,79.63963963963964,Yoğun (75-95%)
586,1106.9017094017095,35.57692307692308,21.414529914529915,Otobüs,-0.0775217029450952,63.78378378378379,Orta (50-75%)
587,1548.08547008547,39.28632478632478,26.132478632478634,Otobüs,-0.047928656655735466,69.36936936936937,Orta (50-75%)
588,1058.5299145299145,38.85042735042735,17.628205128205128,Otobüs,-0.08076631186388655,62.88288288288288,Orta (50-75%)
588-1,121.58119658119658,17.136752136752136,5.0256410256410255,Otobüs,-0.14361351806667202,25.225225225225223,Az (25-50%)
589,2627.974358974359,41.26923076923077,44.73931623931624,Otobüs,0.02450647066337949,81.26126126126127,Yoğun (75-95%)
589-1,254.47008547008548,46.914529914529915,5.0,Otobüs,-0.13469980140100055,36.3963963963964,Az (25-50%)
590,4476.320512820513,54.465811965811966,53.162393162393165,Otobüs,0.14848699343864272,91.7117117117117,Yoğun (75-95%)
591,452.5726495726496,27.196581196581196,11.316239316239317,Otobüs,-0.12141178204951258,47.74774774774775,Az (25-50%)
591-1,112.86324786324786,25.427350427350426,2.824786324786325,Otobüs,-0.14419828723305902,22.52252252252252,Çok Az (<25%)
592,2335.0365853658536,47.47560975609756,34.951219512195124,Otobüs,0.004857240871097221,78.55855855855856,Yoğun (75-95%)
592-1,628.7094017094017,23.572649572649574,16.957264957264957,Otobüs,-0.10959715167607814,54.77477477477477,Orta (50-75%)
593,1508.0,44.103658536585364,24.579268292682926,Otobüs,-0.05061744821490702,68.46846846846847,Orta (50-75%)
594,3148.910447761194,51.014925373134325,42.582089552238806,Otobüs,0.05944902105411574,84.68468468468468,Yoğun (75-95%)
594-1,76.5,55.0,1.0,Otobüs,-0.14663740529030753,15.315315315315313,Çok Az (<25%)
595,3242.587064676617,50.20398009950249,44.039800995024876,Otobüs,0.06573251720164466,85.04504504504504,Yoğun (75-95%)
596,945.5683760683761,51.504273504273506,12.850427350427351,Otobüs,-0.08834337234188036,60.0,Orta (50-75%)
597,1386.7692307692307,36.98717948717949,24.5982905982906,Otobüs,-0.05874917944631202,67.02702702702703,Orta (50-75%)
597-1,173.6239316239316,20.273504273504273,5.9914529914529915,Otobüs,-0.14012267546458343,30.270270270270274,Az (25-50%)
598,1683.2564102564102,45.64102564102564,26.05128205128205,Otobüs,-0.03886186806121559,71.89189189189189,Orta (50-75%)
598-1,224.01709401709402,51.93162393162393,3.0982905982905984,Otobüs,-0.1367424803616249,35.13513513513514,Az (25-50%)
600,2556.6666666666665,21.0,44.666666666666664,Otobüs,0.019723402864196472,80.54054054054053,Yoğun (75-95%)
602-6,8.61965811965812,3.2051282051282053,1.952991452991453,Otobüs,-0.15119057854466586,0.7207207207207207,Çok Az (<25%)
607,171.9151515151515,40.67878787878788,3.018181818181818,Otobüs,-0.1402372943906724,30.090090090090087,Az (25-50%)
608,4611.106837606838,83.63675213675214,32.51282051282051,Otobüs,0.15752798339346907,92.07207207207207,Yoğun (75-95%)
610,254.75641025641025,37.427350427350426,8.11965811965812,Otobüs,-0.13468059574700644,36.57657657657658,Az (25-50%)
611,2619.2264957264956,73.46581196581197,20.0,Otobüs,0.02391969493612744,81.08108108108108,Yoğun (75-95%)
612,4793.111111111111,68.02991452991454,30.418803418803417,Otobüs,0.16973618634800614,92.97297297297298,Yoğun (75-95%)
615,147.77350427350427,43.38461538461539,3.286324786324786,Otobüs,-0.1418566307035417,27.56756756756757,Az (25-50%)
616,1428.2692307692307,63.68376068376068,13.444444444444445,Otobüs,-0.05596550622337865,67.38738738738739,Orta (50-75%)
632,4865.6324786324785,80.44444444444444,31.77777777777778,Otobüs,0.17460066318799985,93.15315315315316,Yoğun (75-95%)
641,4660.871794871795,80.01709401709402,32.75213675213675,Otobüs,0.16086604071826147,92.25225225225225,Yoğun (75-95%)
677,117.11111111111111,45.05555555555556,3.1538461538461537,Otobüs,-0.14391335559022145,23.963963963963963,Çok Az (<25%)
711,87.75301204819277,31.228915662650603,2.0,Otobüs,-0.1458825930417316,17.117117117117118,Çok Az (<25%)
712,37.06024096385542,17.69277108433735,1.9578313253012047,Otobüs,-0.1492828848360391,5.585585585585585,Çok Az (<25%)
713,102.92073170731707,37.146341463414636,1.9939024390243902,Otobüs,-0.1448651960521397,20.36036036036036,Çok Az (<25%)
714,26.412121212121214,12.284848484848485,1.9757575757575758,Otobüs,-0.1499971230487497,3.963963963963964,Çok Az (<25%)
715,45.58433734939759,20.837349397590362,1.9879518072289157,Otobüs,-0.14871111859849362,7.747747747747748,Çok Az (<25%)
721,23.786585365853657,33.90243902439025,1.0,Otobüs,-0.1501732347073306,2.7027027027027026,Çok Az (<25%)
721-1,58.420731707317074,81.21341463414635,1.0426829268292683,Otobüs,-0.1478500986646827,10.81081081081081,Çok Az (<25%)
722,43.792682926829265,62.34756097560975,1.0060975609756098,Otobüs,-0.1488312964404419,7.3873873873873865,Çok Az (<25%)
722-1,57.73170731707317,82.48780487804878,0.9939024390243902,Otobüs,-0.14789631598384104,10.45045045045045,Çok Az (<25%)
723,16.695121951219512,23.695121951219512,0.9817073170731707,Otobüs,-0.15064890499211925,1.981981981981982,Çok Az (<25%)
723-1,14.859756097560975,21.134146341463413,0.9634146341463414,Otobüs,-0.1507720148422666,1.6216216216216217,Çok Az (<25%)
724,37.56707317073171,52.90853658536585,1.0182926829268293,Otobüs,-0.14924888832416436,5.9459459459459465,Çok Az (<25%)
724-1,27.902439024390244,39.890243902439025,0.9939024390243902,Otobüs,-0.14989715780085394,4.1441441441441444,Çok Az (<25%)
725,56.1219512195122,79.1951219512195,1.024390243902439,Otobüs,-0.14800429272948523,9.72972972972973,Çok Az (<25%)
725-1,36.11585365853659,51.59146341463415,1.0,Otobüs,-0.1493462309963739,5.405405405405405,Çok Az (<25%)
726,43.73170731707317,62.56707317073171,0.9939024390243902,Otobüs,-0.14883538646868602,7.207207207207207,Çok Az (<25%)
726-1,35.90853658536585,51.31707317073171,1.0,Otobüs,-0.14936013709240384,5.225225225225225,Çok Az (<25%)
731,108.54878048780488,28.554878048780488,2.5853658536585367,Otobüs,-0.1444876864452094,21.44144144144144,Çok Az (<25%)
732,132.21341463414635,47.1280487804878,1.975609756097561,Otobüs,-0.1429003464836748,26.486486486486488,Az (25-50%)
741,93.51807228915662,31.174698795180724,2.1626506024096384,Otobüs,-0.1454958931906143,18.37837837837838,Çok Az (<25%)
742,133.27710843373495,47.58433734939759,2.0120481927710845,Otobüs,-0.14282899766566723,26.666666666666668,Az (25-50%)
743,119.75903614457832,42.45180722891566,2.0060240963855422,Otobüs,-0.14373574214414925,24.324324324324326,Çok Az (<25%)
744,186.32530120481928,35.66867469879518,1.9698795180722892,Otobüs,-0.1392707125152606,31.53153153153153,Az (25-50%)
745,1.0769230769230769,0.8846153846153846,0.21153846153846154,Otobüs,-0.15169651853421148,0.36036036036036034,Çok Az (<25%)
751,77.17469879518072,27.512048192771083,1.9939759036144578,Otobüs,-0.14659214888139935,15.495495495495495,Çok Az (<25%)
752,42.66265060240964,16.156626506024097,1.8313253012048192,Otobüs,-0.1489070950120693,6.846846846846846,Çok Az (<25%)
753,108.5,41.403614457831324,1.9096385542168675,Otobüs,-0.1444909584678047,21.26126126126126,Çok Az (<25%)
754,63.34939759036145,23.174698795180724,1.9397590361445782,Otobüs,-0.14751950118893772,12.072072072072073,Çok Az (<25%)
755,91.47590361445783,32.63253012048193,2.0,Otobüs,-0.1456328746425775,18.1981981981982,Çok Az (<25%)
756,79.60240963855422,28.481927710843372,2.0,Otobüs,-0.14642930662434575,16.036036036036037,Çok Az (<25%)
757,49.82424242424243,17.76969696969697,2.006060606060606,Otobüs,-0.14842672076175567,8.82882882882883,Çok Az (<25%)
758,78.54819277108433,28.09036144578313,1.9879518072289157,Otobüs,-0.1465000197632648,15.855855855855856,Çok Az (<25%)
759,74.01807228915662,26.8855421686747,1.819277108433735,Otobüs,-0.14680388422307697,14.954954954954955,Çok Az (<25%)
760,25.654545454545456,9.224242424242425,1.793939393939394,Otobüs,-0.1500479385511764,3.6036036036036037,Çok Az (<25%)
761,99.69277108433735,35.963855421686745,1.9518072289156627,Otobüs,-0.14508171623408841,20.0,Çok Az (<25%)
762,113.644578313253,40.84939759036145,1.9879518072289157,Otobüs,-0.1441458783498797,22.702702702702705,Çok Az (<25%)
763,117.03012048192771,42.0722891566265,1.9759036144578312,Otobüs,-0.1439187881551797,23.603603603603602,Çok Az (<25%)
